studyName,Date,Island,Colony,Breeding Pairs
PAL2425,2024-11-23,CHR,1.0,0
PAL2425,2024-11-23,CHR,2.0,0
PAL2425,2024-11-23,CHR,3.0,0
PAL2425,2024-11-23,CHR,3.1,0
PAL2425,2024-11-23,CHR,4.1,0
PAL2425,2024-11-23,CHR,4.2,0
PAL2425,2024-11-23,CHR,5.0,0
PAL2425,2024-11-23,CHR,6.0,0
PAL2425,2024-11-23,CHR,7.0,16
PAL2425,2024-11-23,CHR,7.1,0
PAL2425,2024-11-23,CHR,7.2,0
PAL2425,2024-11-23,CHR,8.0,0
PAL2425,2024-11-23,CHR,9.1,0
PAL2425,2024-11-23,CHR,9.2,0
PAL2425,2024-11-23,CHR,10.0,0
PAL2425,2024-11-23,CHR,11.0,0
PAL2425,2024-11-23,COR,1.0,0
PAL2425,2024-11-23,COR,2.0,6
PAL2425,2024-11-23,COR,3.0,0
PAL2425,2024-11-23,COR,4.0,0
PAL2425,2024-11-23,COR,5.0,0
PAL2425,2024-11-23,COR,5.1,0
PAL2425,2024-11-23,COR,6.0,0
PAL2425,2024-11-23,LIT,1.0,0
PAL2425,2024-11-23,LIT,2.0,0
PAL2425,2024-11-23,LIT,3.0,0
PAL2425,2024-11-23,LIT,4.0,0
PAL2425,2024-11-23,LIT,5.0,0
PAL2425,2024-11-23,LIT,6.0,0
PAL2425,2024-11-23,LIT,7.0,0
PAL2425,2024-11-23,LIT,8.0,0
PAL2425,2024-11-23,LIT,9.0,0
PAL2425,2024-11-23,LIT,10.0,0
PAL2425,2024-11-23,HUM,1.0,1
PAL2425,2024-11-23,HUM,1.1,0
PAL2425,2024-11-23,HUM,1.2,0
PAL2425,2024-11-23,HUM,1.3,0
PAL2425,2024-11-23,HUM,2.0,398
PAL2425,2024-11-23,HUM,2.1,0
PAL2425,2024-11-23,HUM,2.2,10
PAL2425,2024-11-23,HUM,3.0,22
PAL2425,2024-11-23,HUM,3.1,0
PAL2425,2024-11-23,HUM,4.0,0
PAL2425,2024-11-23,HUM,5.0,0
PAL2425,2024-11-23,TOR,1.0,0
PAL2425,2024-11-23,TOR,2.0,0
PAL2425,2024-11-23,TOR,3.0,0
PAL2425,2024-11-23,TOR,4.0,0
PAL2425,2024-11-23,TOR,5.0,0
PAL2425,2024-11-23,TOR,6.0,0
PAL2425,2024-11-23,TOR,7.1,0
PAL2425,2024-11-23,TOR,7.2,29
PAL2425,2024-11-23,TOR,7.3,45
PAL2425,2024-11-23,TOR,7.4,0
PAL2425,2024-11-23,TOR,7.5,1
PAL2425,2024-11-23,TOR,8.0,30
PAL2425,2024-11-23,TOR,9.0,0
PAL2425,2024-11-23,TOR,10.0,0
PAL2425,2024-11-27,TOR,11.0,14
PAL2425,2024-11-23,TOR,12.0,0
PAL2425,2024-11-23,TOR,13.0,0
PAL2425,2024-11-23,TOR,14.0,373
PAL2425,2024-11-23,TOR,15.0,0
PAL2425,2024-11-23,TOR,16.0,76
PAL2425,2024-11-23,TOR,16.1,0
PAL2425,2024-11-23,TOR,17.0,0
PAL2425,2024-11-23,TOR,18.0,0
PAL2425,2024-11-23,TOR,19.0,1
PAL2425,2024-11-23,TOR,19.1,0
PAL2425,2024-11-23,TOR,20.0,0
PAL2425,2024-11-23,TOR,21.0,0
PAL2425,2024-11-23,TOR,22.0,0
PAL2425,2024-11-23,TOR,23.0,0
PAL2425,2024-11-23,TOR,23.1,0
