studyName,Sample Number,Sample Collection Date,Total Number,16-20,21-25,26-30,31-35,36-40,41-45,46-50,51-55,56-60,61-65
PAL2425,AD_D_HUM24001,2025-01-17,50,0,0,0,14,13,8,12,3,0,0
PAL2425,AD_D_HUM24002,2025-01-17,50,0,0,1,5,17,11,10,6,0,0
PAL2425,AD_D_HUM24003,2025-01-17,50,0,0,0,3,5,19,12,11,0,0
PAL2425,AD_D_HUM24004,2025-01-17,50,0,0,2,4,4,20,20,0,0,0
PAL2425,AD_D_HUM24005,2025-01-17,50,0,0,0,0,2,10,33,5,0,0
PAL2425,AD_D_HUM24006,2025-01-17,50,0,0,2,12,18,14,4,0,0,0
PAL2425,AD_D_HUM24007,2025-01-25,50,0,0,2,19,19,7,3,0,0,0
PAL2425,AD_D_HUM24008,2025-01-25,51,0,0,2,21,16,10,1,1,0,0
PAL2425,AD_D_HUM24009,2025-01-25,50,0,0,0,6,14,16,11,3,0,0
PAL2425,AD_D_HUM24010,2025-01-25,49,0,0,0,27,12,9,1,0,0,0
