studyName,Date,Island,Colony,Adults,Chicks
PAL2526,2026-01-27,CHR,1.0,0.0,0
PAL2526,2026-01-27,CHR,2.0,0.0,0
PAL2526,2026-01-27,CHR,3.0,0.0,0
PAL2526,2026-01-27,CHR,3.1,0.0,0
PAL2526,2026-01-27,CHR,4.1,0.0,0
PAL2526,2026-01-27,CHR,4.2,0.0,0
PAL2526,2026-01-27,CHR,5.0,0.0,0
PAL2526,2026-01-27,CHR,6.0,0.0,0
PAL2526,2026-01-27,CHR,7.0,24.0,22
PAL2526,2026-01-27,CHR,7.1,0.0,0
PAL2526,2026-01-27,CHR,7.2,0.0,0
PAL2526,2026-01-27,CHR,8.0,0.0,0
PAL2526,2026-01-27,CHR,9.1,0.0,0
PAL2526,2026-01-27,CHR,9.2,0.0,0
PAL2526,2026-01-27,CHR,10.0,0.0,0
PAL2526,2026-01-27,CHR,11.0,0.0,0
PAL2526,2026-01-27,COR,1.0,0.0,0
PAL2526,2026-01-27,COR,2.0,14.0,12
PAL2526,2026-01-27,COR,3.0,0.0,0
PAL2526,2026-01-27,COR,4.0,0.0,0
PAL2526,2026-01-27,COR,5.0,0.0,0
PAL2526,2026-01-27,COR,5.1,0.0,0
PAL2526,2026-01-27,COR,6.0,0.0,0
PAL2526,2026-01-24,LIT,1.0,0.0,0
PAL2526,2026-01-24,LIT,2.0,0.0,0
PAL2526,2026-01-24,LIT,3.0,0.0,0
PAL2526,2026-01-24,LIT,4.0,0.0,0
PAL2526,2026-01-24,LIT,5.0,0.0,0
PAL2526,2026-01-24,LIT,6.0,0.0,0
PAL2526,2026-01-24,LIT,7.0,0.0,0
PAL2526,2026-01-24,LIT,8.0,0.0,0
PAL2526,2026-01-24,LIT,9.0,0.0,0
PAL2526,2026-01-24,LIT,10.0,0.0,0
PAL2526,2026-01-24,HUM,1.0,0.0,0
PAL2526,2026-01-24,HUM,1.1,0.0,0
PAL2526,2026-01-24,HUM,1.2,0.0,0
PAL2526,2026-01-24,HUM,1.3,0.0,0
PAL2526,2026-01-24,HUM,2.0,,634
PAL2526,2026-01-24,HUM,2.1,0.0,0
PAL2526,2026-01-24,HUM,2.2,0.0,0
PAL2526,2026-01-24,HUM,3.0,20.0,23
PAL2526,2026-01-24,HUM,3.1,0.0,0
PAL2526,2026-01-24,HUM,4.0,0.0,0
PAL2526,2026-01-24,HUM,5.0,0.0,0
PAL2526,2026-01-24,TOR,1.0,0.0,0
PAL2526,2026-01-24,TOR,2.0,0.0,0
PAL2526,2026-01-24,TOR,3.0,0.0,0
PAL2526,2026-01-24,TOR,4.0,0.0,0
PAL2526,2026-01-24,TOR,5.0,0.0,0
PAL2526,2026-01-24,TOR,6.0,0.0,0
PAL2526,2026-01-24,TOR,7.1,0.0,0
PAL2526,2026-01-19,TOR,7.2,43.0,50
PAL2526,2026-01-19,TOR,7.3,59.0,76
PAL2526,2026-01-24,TOR,7.4,0.0,0
PAL2526,2026-01-24,TOR,7.5,0.0,0
PAL2526,2026-01-24,TOR,8.0,34.0,49
PAL2526,2026-01-24,TOR,9.0,0.0,0
PAL2526,2026-01-24,TOR,10.0,0.0,0
PAL2526,2026-01-24,TOR,11.0,18.0,21
PAL2526,2026-01-24,TOR,12.0,0.0,0
PAL2526,2026-01-24,TOR,13.0,0.0,0
PAL2526,2026-01-24,TOR,14.0,273.0,502
PAL2526,2026-01-24,TOR,15.0,0.0,0
PAL2526,2026-01-24,TOR,16.0,77.0,132
PAL2526,2026-01-24,TOR,16.1,0.0,0
PAL2526,2026-01-24,TOR,17.0,0.0,0
PAL2526,2026-01-24,TOR,18.0,0.0,0
PAL2526,2026-01-24,TOR,19.0,0.0,0
PAL2526,2026-01-24,TOR,19.1,0.0,0
PAL2526,2026-01-24,TOR,20.0,0.0,0
PAL2526,2026-01-24,TOR,21.0,0.0,0
PAL2526,2026-01-24,TOR,22.0,0.0,0
PAL2526,2026-01-24,TOR,23.0,0.0,0
PAL2526,2026-01-24,TOR,23.1,0.0,0
