studyName,Cruise,Year/Month,Station,Event Number,Depth,Latitude,Longitude,YearDay/Hour/Minute,Sea State,Salinity,Fluorometry,Wind Speed,Wind Direction,Habitat,Ice Cover,Ice Type,Ice Color,Count Minute,Species,Number,Linkages,Behavior,Direction,Notes
NBP21-13,2113,2111,831.-002,5,584,-63.575,-60.7,3261116,2,34.32,0.55,8,220,0,0,0,0,0,NONE,0,0,NULL,NULL,NULL
NBP21-13,2113,2111,831.-002,5,584,-63.575,-60.7,3261116,2,34.32,0.55,8,220,0,0,0,0,1,ANPE,1,0,2,NULL,NULL
NBP21-13,2113,2111,831.-002,5,584,-63.575,-60.7,3261116,2,34.32,0.55,8,220,0,0,0,0,2,CAPE,2,0,2,NULL,NULL
NBP21-13,2113,2111,831.-002,5,584,-63.575,-60.7,3261116,2,34.32,0.55,8,220,0,0,0,0,3,WISP,1,0,1,150,NULL
NBP21-13,2113,2111,831.-002,5,584,-63.575,-60.7,3261116,2,34.32,0.55,8,220,0,0,0,0,4,HUWH,1,0,5,310,NULL
NBP21-13,2113,2111,831.-002,5,584,-63.575,-60.7,3261116,2,34.32,0.55,8,220,0,0,0,0,7,SOFU,2,0,2,NULL,NULL
NBP21-13,2113,2111,831.-002,5,584,-63.575,-60.7,3261116,2,34.32,0.55,8,220,0,0,0,0,8,KEGU,1,0,1,310,NULL
NBP21-13,2113,2111,831.-002,5,584,-63.575,-60.7,3261116,2,34.32,0.55,8,220,0,0,0,0,16,CAPE,2,0,0,NULL,SC END
NBP21-13,2113,2111,831.-002,8,688,-63.578,-60.676,3260107,2,34.33,0.44,1.7,12,0,0,0,0,0,NONE,0,0,NULL,NULL,Sc start
NBP21-13,2113,2111,831.-002,8,688,-63.578,-60.676,3260107,2,34.33,0.44,1.7,12,0,0,0,0,1,SOFU,1,0,1,100,NULL
NBP21-13,2113,2111,831.-002,8,688,-63.578,-60.676,3260107,2,34.33,0.44,1.7,12,0,0,0,0,3,SOFU,4,0,2,NULL,NULL
NBP21-13,2113,2111,831.-002,8,688,-63.578,-60.676,3260107,2,34.33,0.44,1.7,12,0,0,0,0,4,CAPE,1,0,2,NULL,NULL
NBP21-13,2113,2111,831.-002,8,688,-63.578,-60.676,3260107,2,34.33,0.44,1.7,12,0,0,0,0,8,KEGU,1,0,1,280,NULL
NBP21-13,2113,2111,831.-002,8,688,-63.578,-60.676,3260107,2,34.33,0.44,1.7,12,0,0,0,0,9,SOFU,2,0,1,100,NULL
NBP21-13,2113,2111,831.-002,8,688,-63.578,-60.676,3260107,2,34.33,0.44,1.7,12,0,0,0,0,12,KEGU,2,0,3,NULL,NULL
NBP21-13,2113,2111,831.-002,8,688,-63.578,-60.676,3260107,2,34.33,0.44,1.7,12,0,0,0,0,14,SOFU,1,0,1,180,NULL
NBP21-13,2113,2111,831.-002,8,688,-63.578,-60.676,3260107,2,34.33,0.44,1.7,12,0,0,0,0,16,NONE,0,0,NULL,NULL,SC END
NBP21-13,2113,2111,831.-002,9,574,-63.577,-60.687,3261457,0,34.325,0.46,16.4,226,0,0,0,0,0,NONE,0,0,NULL,NULL,SC start
NBP21-13,2113,2111,831.-002,9,574,-63.577,-60.687,3261457,0,34.325,0.46,16.4,226,0,0,0,0,1,HUWH,2,0,5,100,NULL
NBP21-13,2113,2111,831.-002,9,574,-63.577,-60.687,3261457,0,34.325,0.46,16.4,226,0,0,0,0,2,SOFU,3,0,2,NULL,NULL
NBP21-13,2113,2111,831.-002,9,574,-63.577,-60.687,3261457,0,34.325,0.46,16.4,226,0,0,0,0,5,SOFU,6,0,2,NULL,NULL
NBP21-13,2113,2111,831.-002,9,574,-63.577,-60.687,3261457,0,34.325,0.46,16.4,226,0,0,0,0,7,SOFU,2,0,1,30,NULL
NBP21-13,2113,2111,831.-002,9,574,-63.577,-60.687,3261457,0,34.325,0.46,16.4,226,0,0,0,0,16,NONE,0,0,NULL,NULL,SC end
NBP21-13,2113,2111,806.048,15,563,-63.472,-61.786,3261903,5,33.99,0.69,12,232,0,0,0,0,0,SOFU,3,0,2,NULL,NULL
NBP21-13,2113,2111,806.048,15,563,-63.472,-61.786,3261903,5,33.99,0.69,12,232,0,0,0,0,2,SOFU,1,0,2,NULL,NULL
NBP21-13,2113,2111,806.048,15,563,-63.472,-61.786,3261903,5,33.99,0.69,12,232,0,0,0,0,7,SOFU,7,0,2,NULL,NULL
NBP21-13,2113,2111,806.048,15,563,-63.472,-61.786,3261903,5,33.99,0.69,12,232,0,0,0,0,10,SPSK,1,0,1,140,NULL
NBP21-13,2113,2111,806.048,15,563,-63.472,-61.786,3261903,5,33.99,0.69,12,232,0,0,0,0,16,SOFU,2,0,0,NULL,SC end
NBP21-13,2113,2111,806.048,18,604,-63.469,-61.781,3262014,3,33.98,0.66,15.2,237,0,0,0,0,0,GIPE,1,0,2,NULL,SC start
NBP21-13,2113,2111,806.048,18,604,-63.469,-61.781,3262014,3,33.98,0.66,15.2,237,0,0,0,0,1,SOFU,1,0,2,NULL,NULL
NBP21-13,2113,2111,806.048,18,604,-63.469,-61.781,3262014,3,33.98,0.66,15.2,237,0,0,0,0,1,HUWH,1,0,5,NULL,NULL
NBP21-13,2113,2111,806.048,18,604,-63.469,-61.781,3262014,3,33.98,0.66,15.2,237,0,0,0,0,4,SOFU,3,0,2,NULL,NULL
NBP21-13,2113,2111,806.048,18,604,-63.469,-61.781,3262014,3,33.98,0.66,15.2,237,0,0,0,0,5,HUWH,1,0,5,NULL,NULL
NBP21-13,2113,2111,806.048,18,604,-63.469,-61.781,3262014,3,33.98,0.66,15.2,237,0,0,0,0,11,SOFU,1,0,2,NULL,NULL
NBP21-13,2113,2111,806.048,18,604,-63.469,-61.781,3262014,3,33.98,0.66,15.2,237,0,0,0,0,16,NONE,0,0,NULL,NULL,"SC end, 2m net tow"
NBP21-13,2113,2111,806.048,19,577,-63.471,-61.783,3262104,4,33.98,0.63,20.3,226,0,0,0,0,0,SOFU,3,0,0,NULL,SC start. 2 m net tow
NBP21-13,2113,2111,806.048,19,577,-63.471,-61.783,3262104,4,33.98,0.63,20.3,226,0,0,0,0,3,ANTE,1,0,1,226,NULL
NBP21-13,2113,2111,806.048,19,577,-63.471,-61.783,3262104,4,33.98,0.63,20.3,226,0,0,0,0,4,SOFU,20,0,2,NULL,"Large group off of stern, not previous ship followers"
NBP21-13,2113,2111,806.048,19,577,-63.471,-61.783,3262104,4,33.98,0.63,20.3,226,0,0,0,0,11,UNWH,1,0,5,NULL,NULL
NBP21-13,2113,2111,806.048,19,577,-63.471,-61.783,3262104,4,33.98,0.63,20.3,226,0,0,0,0,16,SOFU,2,0,0,NULL,"SC end. Second 2m tow, ended early due to fowling of flow meter."
NBP21-13,2113,2111,806.048,20,646,-63.467,-61.77,3262154,4,33.98,0.74,12.6,200,0,0,0,0,0,GIPE,1,0,1,223,"SC start, 1m net tow at 2 knots"
NBP21-13,2113,2111,806.048,20,646,-63.467,-61.77,3262154,4,33.98,0.74,12.6,200,0,0,0,0,3,UNSK,1,0,1,223,NULL
NBP21-13,2113,2111,806.048,20,646,-63.467,-61.77,3262154,4,33.98,0.74,12.6,200,0,0,0,0,4,SOFU,15,0,0,NULL,Circling ship moved back into survey area
NBP21-13,2113,2111,806.048,20,646,-63.467,-61.77,3262154,4,33.98,0.74,12.6,200,0,0,0,0,7,HUWH,1,0,5,NULL,Breeching!
NBP21-13,2113,2111,806.048,20,646,-63.467,-61.77,3262154,4,33.98,0.74,12.6,200,0,0,0,0,16,SOFU,1,0,0,NULL,SC end
NBP21-13,2113,2111,806.048,21,429,-63.48,-61.815,3262235,2,33.99,0.75,13,208,0,0,0,0,0,SOFU,2,0,0,NULL,"SC start, 2m net tow"
NBP21-13,2113,2111,806.048,21,429,-63.48,-61.815,3262235,2,33.99,0.75,13,208,0,0,0,0,1,GEPE,5,1,6,NULL,Diving/feeding off of bow with 1 CHPE
NBP21-13,2113,2111,806.048,21,429,-63.48,-61.815,3262235,2,33.99,0.75,13,208,0,0,0,0,1,CHPE,1,1,6,NULL,Feeding with GEPEs
NBP21-13,2113,2111,806.048,21,429,-63.48,-61.815,3262235,2,33.99,0.75,13,208,0,0,0,0,10,ANTE,1,0,1,250,NULL
NBP21-13,2113,2111,806.048,21,429,-63.48,-61.815,3262235,2,33.99,0.75,13,208,0,0,0,0,11,KEGU,1,0,1,170,NULL
NBP21-13,2113,2111,806.048,21,429,-63.48,-61.815,3262235,2,33.99,0.75,13,208,0,0,0,0,13,BBAL,1,0,2,NULL,NULL
NBP21-13,2113,2111,806.048,21,429,-63.48,-61.815,3262235,2,33.99,0.75,13,208,0,0,0,0,14,SOFU,1,0,2,NULL,NULL
NBP21-13,2113,2111,806.048,21,429,-63.48,-61.815,3262235,2,33.99,0.75,13,208,0,0,0,0,16,SOFU,2,0,0,NULL,SC end
NBP21-13,2113,2111,747.068,26,375,-63.761,-62.841,3270742,6,33.95,1.21,21.7,212,0,0,0,0,0,CAPE,1,0,0,NULL,SC start
NBP21-13,2113,2111,747.068,26,375,-63.761,-62.841,3270742,6,33.95,1.21,21.7,212,0,0,0,0,1,ANPE,6,0,0,NULL,NULL
NBP21-13,2113,2111,747.068,26,375,-63.761,-62.841,3270742,6,33.95,1.21,21.7,212,0,0,0,0,4,UNSP,2,0,1,30,NULL
NBP21-13,2113,2111,747.068,26,375,-63.761,-62.841,3270742,6,33.95,1.21,21.7,212,0,0,0,0,5,SOFU,1,0,2,NULL,NULL
NBP21-13,2113,2111,747.068,26,375,-63.761,-62.841,3270742,6,33.95,1.21,21.7,212,0,0,0,0,6,SOFU,2,0,1,255,NULL
NBP21-13,2113,2111,747.068,26,375,-63.761,-62.841,3270742,6,33.95,1.21,21.7,212,0,0,0,0,16,NONE,0,0,NULL,NULL,SC END
NBP21-13,2113,2111,747.068,28,378,-63.758,-62.832,3270835,6,33.96,1.14,19.6,223,0,0,0,0,0,NONE,0,0,NULL,NULL,SC start
NBP21-13,2113,2111,747.068,28,378,-63.758,-62.832,3270835,6,33.96,1.14,19.6,223,0,0,0,0,0,ANPE,6,0,0,NULL,NULL
NBP21-13,2113,2111,747.068,28,378,-63.758,-62.832,3270835,6,33.96,1.14,19.6,223,0,0,0,0,0,SOFU,1,0,0,NULL,NULL
NBP21-13,2113,2111,747.068,28,378,-63.758,-62.832,3270835,6,33.96,1.14,19.6,223,0,0,0,0,1,CAPE,1,0,0,NULL,NULL
NBP21-13,2113,2111,747.068,28,378,-63.758,-62.832,3270835,6,33.96,1.14,19.6,223,0,0,0,0,9,ANTE,1,0,1,NULL,NULL
NBP21-13,2113,2111,747.068,28,378,-63.758,-62.832,3270835,6,33.96,1.14,19.6,223,0,0,0,0,11,SOFU,1,0,1,50,NULL
NBP21-13,2113,2111,747.068,28,378,-63.758,-62.832,3270835,6,33.96,1.14,19.6,223,0,0,0,0,16,NONE,0,0,NULL,NULL,NULL
NBP21-13,2113,2111,692.08,34,527,-64.08,-63.769,3271335,NULL,33.88,0.58,10.26,253,0,0,0,0,0,NONE,0,0,0,NULL,"SC start, foggy"
NBP21-13,2113,2111,692.08,34,527,-64.08,-63.769,3271335,NULL,33.88,0.58,10.26,253,0,0,0,0,1,ANPE,3,0,0,NULL,NULL
NBP21-13,2113,2111,692.08,34,527,-64.08,-63.769,3271335,NULL,33.88,0.58,10.26,253,0,0,0,0,3,SOFU,1,0,2,NULL,NULL
NBP21-13,2113,2111,692.08,34,527,-64.08,-63.769,3271335,NULL,33.88,0.58,10.26,253,0,0,0,0,4,CAPE,2,0,3,NULL,Also were previous ship followers
NBP21-13,2113,2111,692.08,34,527,-64.08,-63.769,3271335,NULL,33.88,0.58,10.26,253,0,0,0,0,6,SOFU,2,0,2,NULL,NULL
NBP21-13,2113,2111,692.08,34,527,-64.08,-63.769,3271335,NULL,33.88,0.58,10.26,253,0,0,0,0,13,SOFU,1,0,1,60,NULL
NBP21-13,2113,2111,692.08,34,527,-64.08,-63.769,3271335,NULL,33.88,0.58,10.26,253,0,0,0,0,16,NONE,0,0,NULL,NULL,"SC end, fog moved in, bird count good but probably could not see 900m consistently for whales"
NBP21-13,2113,2111,692.08,37,539,-64.075,-63.747,3271515,NULL,33.87,0.62,16.76,247.72,0,0,0,0,0,NONE,0,0,0,NULL,Sc start
NBP21-13,2113,2111,692.08,37,539,-64.075,-63.747,3271515,NULL,33.87,0.62,16.76,247.72,0,0,0,0,1,ANTE,5,0,0,NULL,NULL
NBP21-13,2113,2111,692.08,37,539,-64.075,-63.747,3271515,NULL,33.87,0.62,16.76,247.72,0,0,0,0,1,CAPE,2,0,0,NULL,NULL
NBP21-13,2113,2111,692.08,37,539,-64.075,-63.747,3271515,NULL,33.87,0.62,16.76,247.72,0,0,0,0,3,GIPE,1,0,2,NULL,NULL
NBP21-13,2113,2111,692.08,37,539,-64.075,-63.747,3271515,NULL,33.87,0.62,16.76,247.72,0,0,0,0,2,SOFU,2,0,0,NULL,NULL
NBP21-13,2113,2111,692.08,37,539,-64.075,-63.747,3271515,NULL,33.87,0.62,16.76,247.72,0,0,0,0,4,SOFU,2,0,2,NULL,NULL
NBP21-13,2113,2111,692.08,37,539,-64.075,-63.747,3271515,NULL,33.87,0.62,16.76,247.72,0,0,0,0,6,ANTE,2,0,1,40,NULL
NBP21-13,2113,2111,692.08,37,539,-64.075,-63.747,3271515,NULL,33.87,0.62,16.76,247.72,0,0,0,0,46,NONE,0,0,NULL,NULL,"Sc end, foggy, 300m good, cant see 900m"
NBP21-13,2113,2111,692.08,38,563,-64.074,-63.749,3271634,2,33.85,0.51,15.4,240,0,0,0,0,0,NONE,0,0,0,NULL,"SC start, 1m net tow"
NBP21-13,2113,2111,692.08,38,563,-64.074,-63.749,3271634,2,33.85,0.51,15.4,240,0,0,0,0,2,ANPE,11,1,6,NULL,Feeding with CAPEs and SOFU on water
NBP21-13,2113,2111,692.08,38,563,-64.074,-63.749,3271634,2,33.85,0.51,15.4,240,0,0,0,0,2,CAPE,2,1,6,NULL,Feeding with ANPEs and SOFU on water
NBP21-13,2113,2111,692.08,38,563,-64.074,-63.749,3271634,2,33.85,0.51,15.4,240,0,0,0,0,2,SOFU,1,1,6,NULL,Feeding with CAPEs and ANPEs
NBP21-13,2113,2111,692.08,38,563,-64.074,-63.749,3271634,2,33.85,0.51,15.4,240,0,0,0,0,8,HUWH,1,0,6,NULL,NULL
NBP21-13,2113,2111,692.08,38,563,-64.074,-63.749,3271634,2,33.85,0.51,15.4,240,0,0,0,0,11,ANPE,2,0,2,NULL,"2 more ANPEs joined group, no longer feeding"
NBP21-13,2113,2111,692.08,38,563,-64.074,-63.749,3271634,2,33.85,0.51,15.4,240,0,0,0,0,16,ANPE,1,0,0,NULL,"1 on the water, most likely already counted and following ship, SC end"
NBP21-13,2113,2111,600.04,52,1430,-64.934,-64.391,3290734,1,33.65,0.75,11.5,66,1,1,3,0,0,NONE,0,0,NULL,NULL,"SC start, late start to 1 m net tow but nearly concurrent"
NBP21-13,2113,2111,600.04,52,1430,-64.934,-64.391,3290734,1,33.65,0.75,11.5,66,1,1,3,0,6,WISP,1,0,2,NULL,NULL
NBP21-13,2113,2111,600.04,52,1430,-64.934,-64.391,3290734,1,33.65,0.75,11.5,66,1,1,3,0,13,WISP,2,0,1,180,NULL
NBP21-13,2113,2111,600.04,52,1430,-64.934,-64.391,3290734,1,33.65,0.75,11.5,66,1,1,3,0,14,UNSK,1,0,1,150,NULL
NBP21-13,2113,2111,600.04,52,1430,-64.934,-64.391,3290734,1,33.65,0.75,11.5,66,1,1,3,0,16,NONE,0,0,NULL,NULL,SC end
NBP21-13,2113,2111,600.04,53,1345,-64.936,-64.426,3290759,1,33.48,0.81,9.9,45,1,1,3,0,0,NONE,0,0,NULL,NULL,Sc start 2m net
NBP21-13,2113,2111,600.04,53,1345,-64.936,-64.426,3290759,1,33.48,0.81,9.9,45,1,1,3,0,1,WISP,1,0,1,320,NULL
NBP21-13,2113,2111,600.04,53,1345,-64.936,-64.426,3290759,1,33.48,0.81,9.9,45,1,1,3,0,5,SOFU,2,0,1,280,NULL
NBP21-13,2113,2111,600.04,53,1345,-64.936,-64.426,3290759,1,33.48,0.81,9.9,45,1,1,3,0,11,UNPE,1,0,1,320,NULL
NBP21-13,2113,2111,600.04,53,1345,-64.936,-64.426,3290759,1,33.48,0.81,9.9,45,1,1,3,0,0,NONE,0,0,0,NULL,SC end
NBP21-13,2113,2111,600.08,59,498,-64.699,-65.032,3291806,5,33.99,0.86,27,41,0,0,0,0,0,CAPE,7,1,3,NULL,"SC start, CTD"
NBP21-13,2113,2111,600.08,59,498,-64.699,-65.032,3291806,5,33.99,0.86,27,41,0,0,0,0,0,SOFU,9,1,3,NULL,NULL
NBP21-13,2113,2111,600.08,59,498,-64.699,-65.032,3291806,5,33.99,0.86,27,41,0,0,0,0,1,ANPR,1,0,2,NULL,NULL
NBP21-13,2113,2111,600.08,59,498,-64.699,-65.032,3291806,5,33.99,0.86,27,41,0,0,0,0,2,LMSA,1,0,2,NULL,NULL
NBP21-13,2113,2111,600.08,59,498,-64.699,-65.032,3291806,5,33.99,0.86,27,41,0,0,0,0,1,SOFU,4,0,2,NULL,NULL
NBP21-13,2113,2111,600.08,59,498,-64.699,-65.032,3291806,5,33.99,0.86,27,41,0,0,0,0,6,ANPR,2,0,2,NULL,Joined first one observed
NBP21-13,2113,2111,600.08,59,498,-64.699,-65.032,3291806,5,33.99,0.86,27,41,0,0,0,0,12,CAPE,1,0,2,NULL,NULL
NBP21-13,2113,2111,600.08,59,498,-64.699,-65.032,3291806,5,33.99,0.86,27,41,0,0,0,0,16,NONE,0,0,0,NULL,SC end
NBP21-13,2113,2111,600.1,61,629,-64.575,-65.343,3292017,4,33.98,0.94,31.4,36,0,0,0,0,0,CAPE,5,0,0,NULL,SC start
NBP21-13,2113,2111,600.1,61,629,-64.575,-65.343,3292017,4,33.98,0.94,31.4,36,0,0,0,0,1,BLPE,1,0,2,NULL,NULL
NBP21-13,2113,2111,600.1,61,629,-64.575,-65.343,3292017,4,33.98,0.94,31.4,36,0,0,0,0,3,SOFU,1,0,0,NULL,NULL
NBP21-13,2113,2111,600.1,61,629,-64.575,-65.343,3292017,4,33.98,0.94,31.4,36,0,0,0,0,6,LMSA,1,0,2,NULL,Could have followed from previous station but did not observe following behavior during transect survey
NBP21-13,2113,2111,600.1,61,629,-64.575,-65.343,3292017,4,33.98,0.94,31.4,36,0,0,0,0,11,ANPR,1,0,2,NULL,NULL
NBP21-13,2113,2111,600.1,61,629,-64.575,-65.343,3292017,4,33.98,0.94,31.4,36,0,0,0,0,16,NONE,0,0,0,NULL,SC end
NBP21-13,2113,2111,600.1,63,630,-64.583,-65.365,3292147,5,33.98,0.74,26.5,36,0,0,0,0,0,CAPE,5,0,0,NULL,SC start
NBP21-13,2113,2111,600.1,63,630,-64.583,-65.365,3292147,5,33.98,0.74,26.5,36,0,0,0,0,1,SOFU,3,0,0,NULL,NULL
NBP21-13,2113,2111,600.1,63,630,-64.583,-65.365,3292147,5,33.98,0.74,26.5,36,0,0,0,0,3,SOFU,3,0,2,NULL,Two more joined group
NBP21-13,2113,2111,600.1,63,630,-64.583,-65.365,3292147,5,33.98,0.74,26.5,36,0,0,0,0,6,BLPE,1,0,0,NULL,NULL
NBP21-13,2113,2111,600.1,63,630,-64.583,-65.365,3292147,5,33.98,0.74,26.5,36,0,0,0,0,10,BLPE,1,0,2,NULL,Joined other BLPE
NBP21-13,2113,2111,600.1,63,630,-64.583,-65.365,3292147,5,33.98,0.74,26.5,36,0,0,0,0,16,NONE,0,0,0,NULL,SC end
NBP21-13,2113,2111,600.1,64,620,-64.564,-65.328,3292233,5,33.97,1.1,30.8,36,0,0,0,0,0,SOFU,1,0,0,NULL,SC start
NBP21-13,2113,2111,600.1,64,620,-64.564,-65.328,3292233,5,33.97,1.1,30.8,36,0,0,0,0,1,CAPE,4,0,0,NULL,NULL
NBP21-13,2113,2111,600.1,64,620,-64.564,-65.328,3292233,5,33.97,1.1,30.8,36,0,0,0,0,2,BLPE,2,0,0,NULL,NULL
NBP21-13,2113,2111,600.1,64,620,-64.564,-65.328,3292233,5,33.97,1.1,30.8,36,0,0,0,0,3,SOFU,11,0,2,NULL,Joined groups of cape and other sofus
NBP21-13,2113,2111,600.1,64,620,-64.564,-65.328,3292233,5,33.97,1.1,30.8,36,0,0,0,0,8,SOFU,5,0,2,NULL,More flock joiners
NBP21-13,2113,2111,600.1,64,620,-64.564,-65.328,3292233,5,33.97,1.1,30.8,36,0,0,0,0,11,GIPE,1,0,1,120,NULL
NBP21-13,2113,2111,600.1,64,620,-64.564,-65.328,3292233,5,33.97,1.1,30.8,36,0,0,0,0,13,NONE,0,0,0,NULL,"SC end, before 15 net tow done"
NBP21-13,2113,2111,600.2,70,3094,-63.965,-66.855,3300505,2,33.89,4.56,12.6,312,0,0,0,0,0,NONE,0,0,NULL,NULL,"Sc start at 709, this is the end of long CTD to 3000m"
NBP21-13,2113,2111,600.2,70,3094,-63.965,-66.855,3300505,2,33.89,4.56,12.6,312,0,0,0,0,1,GIPE,1,0,2,NULL,NULL
NBP21-13,2113,2111,600.2,70,3094,-63.965,-66.855,3300505,2,33.89,4.56,12.6,312,0,0,0,0,1,CAPE,1,0,2,NULL,NULL
NBP21-13,2113,2111,600.2,70,3094,-63.965,-66.855,3300505,2,33.89,4.56,12.6,312,0,0,0,0,4,ANPE,1,0,2,NULL,NULL
NBP21-13,2113,2111,600.2,70,3094,-63.965,-66.855,3300505,2,33.89,4.56,12.6,312,0,0,0,0,7,UNPR,2,0,1,330,NULL
NBP21-13,2113,2111,600.2,70,3094,-63.965,-66.855,3300505,2,33.89,4.56,12.6,312,0,0,0,0,14,UNPR,2,0,1,330,NULL
NBP21-13,2113,2111,600.2,70,3094,-63.965,-66.855,3300505,2,33.89,4.56,12.6,312,0,0,0,0,14,BLPE,3,1,1,330,NULL
NBP21-13,2113,2111,600.2,70,3094,-63.965,-66.855,3300505,2,33.89,4.56,12.6,312,0,0,0,0,16,NONE,0,0,NULL,NULL,Sc end
NBP21-13,2113,2111,600.2,72,3056,-63.985,-66.831,3300847,2,33.9,3.93,14.4,347,0,0,0,0,0,ANPE,1,0,0,NULL,"SC start, 2m net tow, bird sit on bow"
NBP21-13,2113,2111,600.2,72,3056,-63.985,-66.831,3300847,2,33.9,3.93,14.4,347,0,0,0,0,1,CAPE,2,0,2,NULL,NULL
NBP21-13,2113,2111,600.2,72,3056,-63.985,-66.831,3300847,2,33.9,3.93,14.4,347,0,0,0,0,1,SOFU,1,0,2,NULL,NULL
NBP21-13,2113,2111,600.2,72,3056,-63.985,-66.831,3300847,2,33.9,3.93,14.4,347,0,0,0,0,5,CHPE,1,0,5,320,NULL
NBP21-13,2113,2111,600.2,72,3056,-63.985,-66.831,3300847,2,33.9,3.93,14.4,347,0,0,0,0,6,WISP,1,0,1,50,NULL
NBP21-13,2113,2111,600.2,72,3056,-63.985,-66.831,3300847,2,33.9,3.93,14.4,347,0,0,0,0,9,LMSA,1,0,1,330,NULL
NBP21-13,2113,2111,600.2,72,3056,-63.985,-66.831,3300847,2,33.9,3.93,14.4,347,0,0,0,0,11,UNPR,3,0,1,250,NULL
NBP21-13,2113,2111,600.2,72,3056,-63.985,-66.831,3300847,2,33.9,3.93,14.4,347,0,0,0,0,11,BBAL,1,0,2,NULL,NULL
NBP21-13,2113,2111,600.2,72,3056,-63.985,-66.831,3300847,2,33.9,3.93,14.4,347,0,0,0,0,16,NONE,0,0,NULL,NULL,SC end
NBP21-13,2113,2111,600.2,73,3089,-63.964,-66.858,3300934,2,33.89,3.69,14.8,351,0,0,0,0,0,LMSA,1,0,0,NULL,SC start
NBP21-13,2113,2111,600.2,73,3089,-63.964,-66.858,3300934,2,33.89,3.69,14.8,351,0,0,0,0,0,ANTE,1,0,0,NULL,Still sitting on bow
NBP21-13,2113,2111,600.2,73,3089,-63.964,-66.858,3300934,2,33.89,3.69,14.8,351,0,0,0,0,1,ANTE,1,0,1,10,NULL
NBP21-13,2113,2111,600.2,73,3089,-63.964,-66.858,3300934,2,33.89,3.69,14.8,351,0,0,0,0,7,ANPR,2,0,1,290,NULL
NBP21-13,2113,2111,600.2,73,3089,-63.964,-66.858,3300934,2,33.89,3.69,14.8,351,0,0,0,0,10,SOFU,1,0,0,NULL,Rejoin guessing
NBP21-13,2113,2111,600.2,73,3089,-63.964,-66.858,3300934,2,33.89,3.69,14.8,351,0,0,0,0,10,LMSA,2,0,2,NULL,New flying with other lmsa
NBP21-13,2113,2111,600.2,73,3089,-63.964,-66.858,3300934,2,33.89,3.69,14.8,351,0,0,0,0,16,NONE,0,0,NULL,NULL,SC END
NBP21-13,2113,2111,500.2,79,2733,-64.609,-68.292,3301832,5,33.99,1.18,21.1,17,0,0,0,0,0,CAPE,1,0,2,NULL,SC start
NBP21-13,2113,2111,500.2,79,2733,-64.609,-68.292,3301832,5,33.99,1.18,21.1,17,0,0,0,0,1,SOFU,3,0,2,NULL,NULL
NBP21-13,2113,2111,500.2,79,2733,-64.609,-68.292,3301832,5,33.99,1.18,21.1,17,0,0,0,0,2,ANPR,1,0,2,NULL,NULL
NBP21-13,2113,2111,500.2,79,2733,-64.609,-68.292,3301832,5,33.99,1.18,21.1,17,0,0,0,0,2,BLPE,1,0,2,NULL,NULL
NBP21-13,2113,2111,500.2,79,2733,-64.609,-68.292,3301832,5,33.99,1.18,21.1,17,0,0,0,0,3,LMSA,2,0,2,NULL,Most likely followed ship from last station
NBP21-13,2113,2111,500.2,79,2733,-64.609,-68.292,3301832,5,33.99,1.18,21.1,17,0,0,0,0,15,NONE,0,0,NULL,NULL,SC end
NBP21-13,2113,2111,500.2,81,2720,-64.619,-68.276,3302147,4,33.98,0.47,20.2,346,0,0,0,0,0,LMSA,15,0,2,NULL,NULL
NBP21-13,2113,2111,500.2,81,2720,-64.619,-68.276,3302147,4,33.98,0.47,20.2,346,0,0,0,0,1,CAPE,10,0,2,NULL,NULL
NBP21-13,2113,2111,500.2,81,2720,-64.619,-68.276,3302147,4,33.98,0.47,20.2,346,0,0,0,0,1,SOFU,10,0,2,NULL,NULL
NBP21-13,2113,2111,500.2,81,2720,-64.619,-68.276,3302147,4,33.98,0.47,20.2,346,0,0,0,0,6,BBAL,1,0,2,NULL,NULL
NBP21-13,2113,2111,500.2,81,2720,-64.619,-68.276,3302147,4,33.98,0.47,20.2,346,0,0,0,0,8,CAPE,10,0,2,NULL,Joined group circling boat
NBP21-13,2113,2111,500.2,81,2720,-64.619,-68.276,3302147,4,33.98,0.47,20.2,346,0,0,0,0,10,WISP,1,0,2,NULL,NULL
NBP21-13,2113,2111,500.2,81,2720,-64.619,-68.276,3302147,4,33.98,0.47,20.2,346,0,0,0,0,11,ANPR,10,0,2,NULL,NULL
NBP21-13,2113,2111,500.2,81,2720,-64.619,-68.276,3302147,4,33.98,0.47,20.2,346,0,0,0,0,12,BLPE,10,0,2,NULL,NULL
NBP21-13,2113,2111,500.2,81,2720,-64.619,-68.276,3302147,4,33.98,0.47,20.2,346,0,0,0,0,16,NONE,0,0,NULL,NULL,NULL
NBP21-13,2113,2111,500.2,81,2720,-64.619,-68.276,3302147,4,33.98,0.47,20.2,346,0,0,0,0,14,HUWH,2,0,5,NULL,NULL
NBP21-13,2113,2111,500.2,82,2735,-64.602,-68.288,3302224,4,33.98,1.34,25,355,0,0,0,0,0,LMSA,15,0,2,NULL,NULL
NBP21-13,2113,2111,500.2,82,2735,-64.602,-68.288,3302224,4,33.98,1.34,25,355,0,0,0,0,1,CAPE,20,0,2,NULL,NULL
NBP21-13,2113,2111,500.2,82,2735,-64.602,-68.288,3302224,4,33.98,1.34,25,355,0,0,0,0,2,SOFU,10,0,2,NULL,NULL
NBP21-13,2113,2111,500.2,82,2735,-64.602,-68.288,3302224,4,33.98,1.34,25,355,0,0,0,0,2,BBAL,1,0,2,NULL,NULL
NBP21-13,2113,2111,500.2,82,2735,-64.602,-68.288,3302224,4,33.98,1.34,25,355,0,0,0,0,2,WISP,1,0,2,NULL,NULL
NBP21-13,2113,2111,500.2,82,2735,-64.602,-68.288,3302224,4,33.98,1.34,25,355,0,0,0,0,2,ANPR,10,0,2,NULL,NULL
NBP21-13,2113,2111,500.2,82,2735,-64.602,-68.288,3302224,4,33.98,1.34,25,355,0,0,0,0,2,BLPE,10,0,2,NULL,NULL
NBP21-13,2113,2111,500.2,82,2735,-64.602,-68.288,3302224,4,33.98,1.34,25,355,0,0,0,0,16,NONE,0,0,NULL,NULL,NULL
NBP21-13,2113,2111,500.1,90,515,-65.229,-66.767,3310558,5,33.96,1.8,30,6,0,0,0,0,0,NONE,0,0,NULL,NULL,"End of 1m net, survey start time 1026, foggy but can see out to 300 m"
NBP21-13,2113,2111,500.1,90,515,-65.229,-66.767,3310558,5,33.96,1.8,30,6,0,0,0,0,1,CAPE,11,1,6,NULL,Some feeding
NBP21-13,2113,2111,500.1,90,515,-65.229,-66.767,3310558,5,33.96,1.8,30,6,0,0,0,0,8,SOAL,1,0,2,NULL,NULL
NBP21-13,2113,2111,500.1,90,515,-65.229,-66.767,3310558,5,33.96,1.8,30,6,0,0,0,0,16,NONE,0,0,NULL,NULL,NULL
NBP21-13,2113,2111,500.06,93,326,-65.479,-66.148,3311051,5,33.77,1.26,23,355,0,0,0,0,0,SOFU,3,0,0,NULL,NULL
NBP21-13,2113,2111,500.06,93,326,-65.479,-66.148,3311051,5,33.77,1.26,23,355,0,0,0,0,0,CAPE,6,0,0,NULL,NULL
NBP21-13,2113,2111,500.06,93,326,-65.479,-66.148,3311051,5,33.77,1.26,23,355,0,0,0,0,9,SOFU,1,0,2,NULL,Joined others
NBP21-13,2113,2111,500.06,93,326,-65.479,-66.148,3311051,5,33.77,1.26,23,355,0,0,0,0,10,LMSA,1,0,1,150,NULL
NBP21-13,2113,2111,500.06,93,326,-65.479,-66.148,3311051,5,33.77,1.26,23,355,0,0,0,0,13,CAPE,13,0,3,NULL,"A bunch capes join others, all sitting on water w sofu"
NBP21-13,2113,2111,500.06,93,326,-65.479,-66.148,3311051,5,33.77,1.26,23,355,0,0,0,0,14,ANTE,1,0,1,60,Cute
NBP21-13,2113,2111,500.06,93,326,-65.479,-66.148,3311051,5,33.77,1.26,23,355,0,0,0,0,16,NONE,0,0,NULL,NULL,NULL
NBP21-13,2113,2111,500.06,95,331,-65.485,-66.143,3311219,5,33.77,1.02,21,346,0,0,0,0,0,CAPE,11,0,0,NULL,"Still foggy, better vis. Whale survey ok"
NBP21-13,2113,2111,500.06,95,331,-65.485,-66.143,3311219,5,33.77,1.02,21,346,0,0,0,0,1,ANPE,1,0,6,NULL,NULL
NBP21-13,2113,2111,500.06,95,331,-65.485,-66.143,3311219,5,33.77,1.02,21,346,0,0,0,0,1,ADPE,1,0,2,NULL,NULL
NBP21-13,2113,2111,500.06,95,331,-65.485,-66.143,3311219,5,33.77,1.02,21,346,0,0,0,0,0,SOFU,2,0,0,NULL,NULL
NBP21-13,2113,2111,500.06,95,331,-65.485,-66.143,3311219,5,33.77,1.02,21,346,0,0,0,0,4,LMSA,1,0,2,NULL,NULL
NBP21-13,2113,2111,500.06,95,331,-65.485,-66.143,3311219,5,33.77,1.02,21,346,0,0,0,0,8,WISP,2,0,1,20,NULL
NBP21-13,2113,2111,500.06,95,331,-65.485,-66.143,3311219,5,33.77,1.02,21,346,0,0,0,0,11,UNPT,1,0,1,260,NULL
NBP21-13,2113,2111,500.06,95,331,-65.485,-66.143,3311219,5,33.77,1.02,21,346,0,0,0,0,13,SOFU,5,0,2,NULL,New group
NBP21-13,2113,2111,500.06,95,331,-65.485,-66.143,3311219,5,33.77,1.02,21,346,0,0,0,0,14,GIPE,1,0,1,260,NULL
NBP21-13,2113,2111,500.06,95,331,-65.485,-66.143,3311219,5,33.77,1.02,21,346,0,0,0,0,16,NONE,0,0,NULL,NULL,NULL
NBP21-13,2113,2111,500.06,96,254,-65.49,-66.14,3311308,5,33.79,0.95,17,353,0,0,0,0,0,SOFU,4,0,0,NULL,NULL
NBP21-13,2113,2111,500.06,96,254,-65.49,-66.14,3311308,5,33.79,0.95,17,353,0,0,0,0,0,CAPE,10,0,0,NULL,NULL
NBP21-13,2113,2111,500.06,96,254,-65.49,-66.14,3311308,5,33.79,0.95,17,353,0,0,0,0,11,SOFU,2,0,1,50,NULL
NBP21-13,2113,2111,500.06,96,254,-65.49,-66.14,3311308,5,33.79,0.95,17,353,0,0,0,0,12,SPSK,1,0,1,60,NULL
NBP21-13,2113,2111,500.06,96,254,-65.49,-66.14,3311308,5,33.79,0.95,17,353,0,0,0,0,16,NONE,0,0,NULL,NULL,NULL
NBP21-13,2113,2111,400.04,100,212,-66.255,-67.338,3311927,4,33.69,0.9,17.5,326,1,0,0,0,0,NONE,0,0,NULL,NULL,NULL
NBP21-13,2113,2111,400.04,100,212,-66.255,-67.338,3311927,4,33.69,0.9,17.5,326,1,0,0,0,2,ANTE,2,0,1,50,NULL
NBP21-13,2113,2111,400.04,100,212,-66.255,-67.338,3311927,4,33.69,0.9,17.5,326,1,0,0,0,3,SOFU,1,0,2,NULL,NULL
NBP21-13,2113,2111,400.04,100,212,-66.255,-67.338,3311927,4,33.69,0.9,17.5,326,1,0,0,0,8,CAPE,15,0,3,NULL,NULL
NBP21-13,2113,2111,400.04,100,212,-66.255,-67.338,3311927,4,33.69,0.9,17.5,326,1,0,0,0,13,ANPE,1,0,3,NULL,Joined group of capes on water
NBP21-13,2113,2111,400.04,100,212,-66.255,-67.338,3311927,4,33.69,0.9,17.5,326,1,0,0,0,14,SOFU,2,0,3,NULL,Joined group on water
NBP21-13,2113,2111,400.04,100,212,-66.255,-67.338,3311927,4,33.69,0.9,17.5,326,1,0,0,0,15,NONE,0,0,NULL,NULL,NULL
NBP21-13,2113,2111,400.04,102,218,-66.253,-67.34,3312040,4,33.69,1.3,12.1,324,1,0,0,0,0,NONE,0,0,NULL,NULL,NULL
NBP21-13,2113,2111,400.04,102,218,-66.253,-67.34,3312040,4,33.69,1.3,12.1,324,1,0,0,0,3,UNPE,4,0,5,NULL,Most likely ADPE
NBP21-13,2113,2111,400.04,102,218,-66.253,-67.34,3312040,4,33.69,1.3,12.1,324,1,0,0,0,4,SOFU,3,0,2,NULL,NULL
NBP21-13,2113,2111,400.04,102,218,-66.253,-67.34,3312040,4,33.69,1.3,12.1,324,1,0,0,0,5,CAPE,5,0,2,NULL,NULL
NBP21-13,2113,2111,400.04,102,218,-66.253,-67.34,3312040,4,33.69,1.3,12.1,324,1,0,0,0,9,LMSA,1,0,2,NULL,NULL
NBP21-13,2113,2111,400.04,102,218,-66.253,-67.34,3312040,4,33.69,1.3,12.1,324,1,0,0,0,15,NONE,0,0,NULL,NULL,NULL
NBP21-13,2113,2111,400.04,103,289,-66.254,-67.345,3312133,4,33.96,1.22,13.9,332,1,0,0,0,0,NONE,0,0,NULL,NULL,NULL
NBP21-13,2113,2111,400.04,103,289,-66.254,-67.345,3312133,4,33.96,1.22,13.9,332,1,0,0,0,1,SOFU,2,0,2,NULL,NULL
NBP21-13,2113,2111,400.04,103,289,-66.254,-67.345,3312133,4,33.96,1.22,13.9,332,1,0,0,0,5,UNSK,1,0,1,336,NULL
NBP21-13,2113,2111,400.04,103,289,-66.254,-67.345,3312133,4,33.96,1.22,13.9,332,1,0,0,0,9,GIPE,1,0,1,210,NULL
NBP21-13,2113,2111,400.04,103,289,-66.254,-67.345,3312133,4,33.96,1.22,13.9,332,1,0,0,0,15,NONE,0,0,NULL,NULL,NULL
NBP21-13,2113,2111,400.1,107,359,-65.876,-68.287,3320142,2,34.03,2.5,14,240,0,0,0,0,0,NONE,0,0,NULL,NULL,NULL
NBP21-13,2113,2111,400.1,107,359,-65.876,-68.287,3320142,2,34.03,2.5,14,240,0,0,0,0,2,SOFU,3,0,2,NULL,NULL
NBP21-13,2113,2111,400.1,107,359,-65.876,-68.287,3320142,2,34.03,2.5,14,240,0,0,0,0,9,GIPE,1,0,2,NULL,NULL
NBP21-13,2113,2111,400.1,107,359,-65.876,-68.287,3320142,2,34.03,2.5,14,240,0,0,0,0,9,ANPE,1,0,2,NULL,NULL
NBP21-13,2113,2111,400.1,107,359,-65.876,-68.287,3320142,2,34.03,2.5,14,240,0,0,0,0,15,NONE,0,0,NULL,NULL,NULL
NBP21-13,2113,2111,400.1,109,367,-65.872,-68.254,3320249,2,34.03,2.71,10.6,264,0,0,0,0,0,NONE,0,0,NULL,NULL,NULL
NBP21-13,2113,2111,400.1,109,367,-65.872,-68.254,3320249,2,34.03,2.71,10.6,264,0,0,0,0,1,CAPE,1,0,2,NULL,NULL
NBP21-13,2113,2111,400.1,109,367,-65.872,-68.254,3320249,2,34.03,2.71,10.6,264,0,0,0,0,4,ANPR,2,0,2,NULL,NULL
NBP21-13,2113,2111,400.1,109,367,-65.872,-68.254,3320249,2,34.03,2.71,10.6,264,0,0,0,0,5,SOFU,1,0,2,NULL,NULL
NBP21-13,2113,2111,400.1,109,367,-65.872,-68.254,3320249,2,34.03,2.71,10.6,264,0,0,0,0,11,LMSA,1,0,2,NULL,NULL
NBP21-13,2113,2111,400.1,109,367,-65.872,-68.254,3320249,2,34.03,2.71,10.6,264,0,0,0,0,15,ANPR,3,0,2,NULL,NULL
NBP21-13,2113,2111,400.1,110,341,-65.885,-68.303,3320338,2,34.03,2.56,9.5,260,0,0,0,0,0,ANPR,2,0,2,NULL,NULL
NBP21-13,2113,2111,400.1,110,341,-65.885,-68.303,3320338,2,34.03,2.56,9.5,260,0,0,0,0,1,UNSK,1,0,2,NULL,NULL
NBP21-13,2113,2111,400.1,110,341,-65.885,-68.303,3320338,2,34.03,2.56,9.5,260,0,0,0,0,3,BLPE,1,0,2,NULL,NULL
NBP21-13,2113,2111,400.1,110,341,-65.885,-68.303,3320338,2,34.03,2.56,9.5,260,0,0,0,0,3,LMSA,1,0,2,NULL,NULL
NBP21-13,2113,2111,400.1,110,341,-65.885,-68.303,3320338,2,34.03,2.56,9.5,260,0,0,0,0,4,ANPR,9,0,2,NULL,NULL
NBP21-13,2113,2111,400.1,110,341,-65.885,-68.303,3320338,2,34.03,2.56,9.5,260,0,0,0,0,5,SOFU,1,0,2,NULL,NULL
NBP21-13,2113,2111,400.1,110,341,-65.885,-68.303,3320338,2,34.03,2.56,9.5,260,0,0,0,0,7,CAPE,1,0,2,NULL,NULL
NBP21-13,2113,2111,400.1,110,341,-65.885,-68.303,3320338,2,34.03,2.56,9.5,260,0,0,0,0,13,ANPR,5,0,2,NULL,NULL
NBP21-13,2113,2111,400.1,110,341,-65.885,-68.303,3320338,2,34.03,2.56,9.5,260,0,0,0,0,14,ANPR,2,0,2,NULL,NULL
NBP21-13,2113,2111,400.1,110,341,-65.885,-68.303,3320338,2,34.03,2.56,9.5,260,0,0,0,0,15,NONE,0,0,NULL,NULL,NULL
NBP21-13,2113,2111,400.2,115,2749,-65.238,-69.8,3320940,4,33.98,5.32,24.5,68,0,0,0,0,0,LMSA,4,0,0,NULL,NULL
NBP21-13,2113,2111,400.2,115,2749,-65.238,-69.8,3320940,4,33.98,5.32,24.5,68,0,0,0,0,0,ANPR,13,0,0,NULL,NULL
NBP21-13,2113,2111,400.2,115,2749,-65.238,-69.8,3320940,4,33.98,5.32,24.5,68,0,0,0,0,0,CAPE,8,0,0,NULL,NULL
NBP21-13,2113,2111,400.2,115,2749,-65.238,-69.8,3320940,4,33.98,5.32,24.5,68,0,0,0,0,0,SOFU,4,0,0,NULL,NULL
NBP21-13,2113,2111,400.2,115,2749,-65.238,-69.8,3320940,4,33.98,5.32,24.5,68,0,0,0,0,2,ANPE,1,0,0,NULL,NULL
NBP21-13,2113,2111,400.2,115,2749,-65.238,-69.8,3320940,4,33.98,5.32,24.5,68,0,0,0,0,4,CAPE,10,0,3,NULL,NULL
NBP21-13,2113,2111,400.2,115,2749,-65.238,-69.8,3320940,4,33.98,5.32,24.5,68,0,0,0,0,14,LMSA,1,0,2,NULL,Joined or region other lmsa
NBP21-13,2113,2111,400.2,115,2749,-65.238,-69.8,3320940,4,33.98,5.32,24.5,68,0,0,0,0,16,NONE,0,0,NULL,NULL,NULL
NBP21-13,2113,2111,400.2,118,2756,-65.242,-69.821,3321232,6,33.98,4.31,36,70,0,0,0,0,0,CAPE,11,0,0,NULL,"Count only good for birds, cant see 900m"
NBP21-13,2113,2111,400.2,118,2756,-65.242,-69.821,3321232,6,33.98,4.31,36,70,0,0,0,0,1,SOFU,1,0,0,NULL,NULL
NBP21-13,2113,2111,400.2,118,2756,-65.242,-69.821,3321232,6,33.98,4.31,36,70,0,0,0,0,4,LMSA,1,0,1,260,NULL
NBP21-13,2113,2111,400.2,118,2756,-65.242,-69.821,3321232,6,33.98,4.31,36,70,0,0,0,0,6,SOFU,4,0,0,NULL,NULL
NBP21-13,2113,2111,400.2,118,2756,-65.242,-69.821,3321232,6,33.98,4.31,36,70,0,0,0,0,6,CHPE,1,0,5,70,NULL
NBP21-13,2113,2111,400.2,118,2756,-65.242,-69.821,3321232,6,33.98,4.31,36,70,0,0,0,0,9,BLPE,3,1,6,NULL,NULL
NBP21-13,2113,2111,400.2,118,2756,-65.242,-69.821,3321232,6,33.98,4.31,36,70,0,0,0,0,13,CAPE,2,1,6,NULL,NULL
NBP21-13,2113,2111,400.2,118,2756,-65.242,-69.821,3321232,6,33.98,4.31,36,70,0,0,0,0,16,NONE,0,0,NULL,NULL,NULL
NBP21-13,2113,2111,400.2,119,2843,-65.231,-69.757,3321321,6,33.98,3.83,38.6,62,0,0,0,0,0,CAPE,4,0,0,NULL,NULL
NBP21-13,2113,2111,400.2,119,2843,-65.231,-69.757,3321321,6,33.98,3.83,38.6,62,0,0,0,0,1,LMSA,1,0,0,NULL,NULL
NBP21-13,2113,2111,400.2,119,2843,-65.231,-69.757,3321321,6,33.98,3.83,38.6,62,0,0,0,0,3,SOFU,2,0,0,NULL,NULL
NBP21-13,2113,2111,400.2,119,2843,-65.231,-69.757,3321321,6,33.98,3.83,38.6,62,0,0,0,0,4,BLPE,2,0,0,NULL,NULL
NBP21-13,2113,2111,400.2,119,2843,-65.231,-69.757,3321321,6,33.98,3.83,38.6,62,0,0,0,0,6,LMSA,1,0,0,NULL,NULL
NBP21-13,2113,2111,400.2,119,2843,-65.231,-69.757,3321321,6,33.98,3.83,38.6,62,0,0,0,0,7,CAPE,16,1,6,NULL,"ReJoined others , follow ship and landing sitting on water occasionally"
NBP21-13,2113,2111,400.2,119,2843,-65.231,-69.757,3321321,6,33.98,3.83,38.6,62,0,0,0,0,11,UNPR,1,0,1,320,NULL
NBP21-13,2113,2111,400.2,119,2843,-65.231,-69.757,3321321,6,33.98,3.83,38.6,62,0,0,0,0,16,NONE,0,0,NULL,NULL,NULL
NBP21-13,2113,2111,300.2,122,3106,-65.849,-71.375,3321934,5,33.95,5.94,24.1,62,0,0,0,0,0,GIPE,1,0,2,NULL,NULL
NBP21-13,2113,2111,300.2,122,3106,-65.849,-71.375,3321934,5,33.95,5.94,24.1,62,0,0,0,0,1,ANPR,2,0,2,NULL,NULL
NBP21-13,2113,2111,300.2,122,3106,-65.849,-71.375,3321934,5,33.95,5.94,24.1,62,0,0,0,0,1,ANPE,5,0,2,NULL,NULL
NBP21-13,2113,2111,300.2,122,3106,-65.849,-71.375,3321934,5,33.95,5.94,24.1,62,0,0,0,0,2,CAPE,3,0,2,NULL,NULL
NBP21-13,2113,2111,300.2,122,3106,-65.849,-71.375,3321934,5,33.95,5.94,24.1,62,0,0,0,0,3,LMSA,1,0,2,NULL,NULL
NBP21-13,2113,2111,300.2,122,3106,-65.849,-71.375,3321934,5,33.95,5.94,24.1,62,0,0,0,0,3,CAPE,4,0,3,NULL,NULL
NBP21-13,2113,2111,300.2,122,3106,-65.849,-71.375,3321934,5,33.95,5.94,24.1,62,0,0,0,0,5,ANPE,2,0,2,NULL,NULL
NBP21-13,2113,2111,300.2,122,3106,-65.849,-71.375,3321934,5,33.95,5.94,24.1,62,0,0,0,0,5,ANPR,1,0,2,NULL,NULL
NBP21-13,2113,2111,300.2,122,3106,-65.849,-71.375,3321934,5,33.95,5.94,24.1,62,0,0,0,0,6,SOFU,1,0,2,NULL,NULL
NBP21-13,2113,2111,300.2,122,3106,-65.849,-71.375,3321934,5,33.95,5.94,24.1,62,0,0,0,0,7,LMSA,1,0,2,NULL,NULL
NBP21-13,2113,2111,300.2,122,3106,-65.849,-71.375,3321934,5,33.95,5.94,24.1,62,0,0,0,0,15,NONE,0,0,NULL,NULL,NULL
NBP21-13,2113,2111,300.2,124,3082,-65.852,-71.409,3322312,5,33.93,5.87,23.5,67,0,0,0,0,0,ANPE,3,0,2,NULL,NULL
NBP21-13,2113,2111,300.2,124,3082,-65.852,-71.409,3322312,5,33.93,5.87,23.5,67,0,0,0,0,1,CAPE,15,0,2,NULL,NULL
NBP21-13,2113,2111,300.2,124,3082,-65.852,-71.409,3322312,5,33.93,5.87,23.5,67,0,0,0,0,1,LMSA,1,0,2,NULL,NULL
NBP21-13,2113,2111,300.2,124,3082,-65.852,-71.409,3322312,5,33.93,5.87,23.5,67,0,0,0,0,4,SOFU,1,0,2,NULL,NULL
NBP21-13,2113,2111,300.2,124,3082,-65.852,-71.409,3322312,5,33.93,5.87,23.5,67,0,0,0,0,5,ANPE,2,0,2,NULL,Joined group
NBP21-13,2113,2111,300.2,124,3082,-65.852,-71.409,3322312,5,33.93,5.87,23.5,67,0,0,0,0,6,ANPR,3,0,2,NULL,NULL
NBP21-13,2113,2111,300.2,124,3082,-65.852,-71.409,3322312,5,33.93,5.87,23.5,67,0,0,0,0,15,NONE,0,0,NULL,NULL,NULL
NBP21-13,2113,2111,300.04,134,684,-66.891,-68.92,3330940,2,33.85,0.88,5.9,108,0,0,0,0,0,NONE,0,0,NULL,NULL,NULL
NBP21-13,2113,2111,300.04,134,684,-66.891,-68.92,3330940,2,33.85,0.88,5.9,108,0,0,0,0,1,CAPE,12,0,3,NULL,Flying and on water
NBP21-13,2113,2111,300.04,134,684,-66.891,-68.92,3330940,2,33.85,0.88,5.9,108,0,0,0,0,1,ANPE,2,0,0,NULL,NULL
NBP21-13,2113,2111,300.04,134,684,-66.891,-68.92,3330940,2,33.85,0.88,5.9,108,0,0,0,0,1,LMSA,1,0,0,NULL,NULL
NBP21-13,2113,2111,300.04,134,684,-66.891,-68.92,3330940,2,33.85,0.88,5.9,108,0,0,0,0,8,BBAL,1,0,2,NULL,NULL
NBP21-13,2113,2111,300.04,134,684,-66.891,-68.92,3330940,2,33.85,0.88,5.9,108,0,0,0,0,9,GIPE,1,0,1,320,NULL
NBP21-13,2113,2111,300.04,134,684,-66.891,-68.92,3330940,2,33.85,0.88,5.9,108,0,0,0,0,12,GIPE,1,0,1,180,NULL
NBP21-13,2113,2111,300.04,134,684,-66.891,-68.92,3330940,2,33.85,0.88,5.9,108,0,0,0,0,16,NONE,0,0,NULL,NULL,NULL
NBP21-13,2113,2111,300.04,136,664,-66.903,-68.966,3331102,3,33.88,0.59,6.6,105,0,0,0,0,0,CAPE,14,0,3,NULL,NULL
NBP21-13,2113,2111,300.04,136,664,-66.903,-68.966,3331102,3,33.88,0.59,6.6,105,0,0,0,0,2,LMSA,1,0,0,NULL,NULL
NBP21-13,2113,2111,300.04,136,664,-66.903,-68.966,3331102,3,33.88,0.59,6.6,105,0,0,0,0,4,UNSK,2,0,2,NULL,NULL
NBP21-13,2113,2111,300.04,136,664,-66.903,-68.966,3331102,3,33.88,0.59,6.6,105,0,0,0,0,8,LMSA,2,0,1,50,NULL
NBP21-13,2113,2111,300.04,136,664,-66.903,-68.966,3331102,3,33.88,0.59,6.6,105,0,0,0,0,14,LMSA,1,0,2,NULL,NULL
NBP21-13,2113,2111,300.04,136,664,-66.903,-68.966,3331102,3,33.88,0.59,6.6,105,0,0,0,0,14,SOFU,1,0,2,NULL,NULL
NBP21-13,2113,2111,300.04,136,664,-66.903,-68.966,3331102,3,33.88,0.59,6.6,105,0,0,0,0,16,NONE,0,0,NULL,NULL,NULL
NBP21-13,2113,2111,300.04,137,636,-66.85,-68.924,3331147,3,33.85,0.54,11.7,95,0,0,0,0,0,NONE,0,0,NULL,NULL,NULL
NBP21-13,2113,2111,300.04,137,636,-66.85,-68.924,3331147,3,33.85,0.54,11.7,95,0,0,0,0,1,CAPE,8,0,6,NULL,Following some feeding
NBP21-13,2113,2111,300.04,137,636,-66.85,-68.924,3331147,3,33.85,0.54,11.7,95,0,0,0,0,2,LMSA,2,0,0,NULL,NULL
NBP21-13,2113,2111,300.04,137,636,-66.85,-68.924,3331147,3,33.85,0.54,11.7,95,0,0,0,0,5,GIPE,2,0,0,NULL,NULL
NBP21-13,2113,2111,300.04,137,636,-66.85,-68.924,3331147,3,33.85,0.54,11.7,95,0,0,0,0,5,HUWH,1,0,5,NULL,NULL
NBP21-13,2113,2111,300.04,137,636,-66.85,-68.924,3331147,3,33.85,0.54,11.7,95,0,0,0,0,9,UNPE,2,0,1,130,"Blpe i think, not certain, flying high"
NBP21-13,2113,2111,300.04,137,636,-66.85,-68.924,3331147,3,33.85,0.54,11.7,95,0,0,0,0,13,CHPE,1,0,5,NULL,NULL
NBP21-13,2113,2111,300.04,137,636,-66.85,-68.924,3331147,3,33.85,0.54,11.7,95,0,0,0,0,16,NONE,0,0,NULL,NULL,NULL
NBP21-13,2113,2111,200. -040,170,399,-68.061,-69.524,3380632,4,33.89,1.31,19.6,144,0,0,0,0,0,NONE,0,0,NULL,NULL,"Mocness , first survey after AVI. Marg Bay process study"
NBP21-13,2113,2111,200. -040,170,399,-68.061,-69.524,3380632,4,33.89,1.31,19.6,144,0,0,0,0,1,WISP,1,0,1,290,NULL
NBP21-13,2113,2111,200. -040,170,399,-68.061,-69.524,3380632,4,33.89,1.31,19.6,144,0,0,0,0,14,SOFU,1,0,1,210,NULL
NBP21-13,2113,2111,200. -040,170,399,-68.061,-69.524,3380632,4,33.89,1.31,19.6,144,0,0,0,0,16,NONE,0,0,NULL,NULL,NULL
NBP21-13,2113,2111,200.-040,172,399,-68.03,-69.285,3380859,3,33.79,2.01,13.3,105,0,0,0,0,0,NONE,0,0,NULL,NULL,Ctd
NBP21-13,2113,2111,200.-040,172,399,-68.03,-69.285,3380859,3,33.79,2.01,13.3,105,0,0,0,0,2,UNTE,2,0,1,102,NULL
NBP21-13,2113,2111,200.-040,172,399,-68.03,-69.285,3380859,3,33.79,2.01,13.3,105,0,0,0,0,12,CRSE,1,0,3,NULL,Swimming around small ice chunk
NBP21-13,2113,2111,200.-040,172,399,-68.03,-69.285,3380859,3,33.79,2.01,13.3,105,0,0,0,0,14,SOFU,1,0,1,200,NULL
NBP21-13,2113,2111,200.-040,172,399,-68.03,-69.285,3380859,3,33.79,2.01,13.3,105,0,0,0,0,16,NONE,0,0,NULL,NULL,NULL
NBP21-13,2113,2111,200.-040,173,779,-68.022,-69.328,3381000,3,33.83,1.28,19.6,120,0,0,0,0,0,NONE,0,0,NULL,NULL,NULL
NBP21-13,2113,2111,200.-040,173,779,-68.022,-69.328,3381000,3,33.83,1.28,19.6,120,0,0,0,0,3,UNTE,2,0,0,NULL,Probably same two from earlier
NBP21-13,2113,2111,200.-040,173,779,-68.022,-69.328,3381000,3,33.83,1.28,19.6,120,0,0,0,0,4,SOFU,1,0,0,NULL,NULL
NBP21-13,2113,2111,200.-040,173,779,-68.022,-69.328,3381000,3,33.83,1.28,19.6,120,0,0,0,0,5,ANTE,1,0,2,NULL,NULL
NBP21-13,2113,2111,200.-040,173,779,-68.022,-69.328,3381000,3,33.83,1.28,19.6,120,0,0,0,0,9,UNSK,1,0,6,300,"Behind ship, over net?"
NBP21-13,2113,2111,200.-040,173,779,-68.022,-69.328,3381000,3,33.83,1.28,19.6,120,0,0,0,0,13,UNSK,2,0,1,110,NULL
NBP21-13,2113,2111,200.-040,173,779,-68.022,-69.328,3381000,3,33.83,1.28,19.6,120,0,0,0,0,16,NONE,0,0,NULL,NULL,NULL
NBP21-13,2113,2111,200.-040,174,756,-68.021,-69.331,3381056,3,33.85,0.91,12.3,124,0,0,0,0,0,NONE,0,0,NULL,NULL,NULL
NBP21-13,2113,2111,200.-040,174,756,-68.021,-69.331,3381056,3,33.85,0.91,12.3,124,0,0,0,0,1,UNSK,1,0,1,220,NULL
NBP21-13,2113,2111,200.-040,174,756,-68.021,-69.331,3381056,3,33.85,0.91,12.3,124,0,0,0,0,4,BBAL,1,0,2,NULL,NULL
NBP21-13,2113,2111,200.-040,174,756,-68.021,-69.331,3381056,3,33.85,0.91,12.3,124,0,0,0,0,11,UNTE,2,0,0,NULL,NULL
NBP21-13,2113,2111,200.-040,174,756,-68.021,-69.331,3381056,3,33.85,0.91,12.3,124,0,0,0,0,16,NONE,0,0,NULL,NULL,NULL
NBP21-13,2113,2111,200.-040,175,342,-68.063,-69.663,3381335,3,33.99,1.04,16.9,144,0,0,0,0,0,NONE,0,0,NULL,NULL,NULL
NBP21-13,2113,2111,200.-040,175,342,-68.063,-69.663,3381335,3,33.99,1.04,16.9,144,0,0,0,0,11,SOFU,2,0,2,NULL,NULL
NBP21-13,2113,2111,200.-040,175,342,-68.063,-69.663,3381335,3,33.99,1.04,16.9,144,0,0,0,0,13,UNTE,2,0,1,100,NULL
NBP21-13,2113,2111,200.-040,175,342,-68.063,-69.663,3381335,3,33.99,1.04,16.9,144,0,0,0,0,16,NONE,0,0,NULL,NULL,NULL
NBP21-13,2113,2111,AS01 Hydrographic Survey,179,246,-66.853,-68.605,3390220,4,33.79,1.18,0.5,129,3,4,2,1,0,NONE,0,0,NULL,NULL,NULL
NBP21-13,2113,2111,AS01 Hydrographic Survey,179,246,-66.853,-68.605,3390220,4,33.79,1.18,0.5,129,3,4,2,1,1,SOFU,1,0,2,NULL,NULL
NBP21-13,2113,2111,AS01 Hydrographic Survey,179,246,-66.853,-68.605,3390220,4,33.79,1.18,0.5,129,3,4,2,1,10,SOFU,1,0,2,NULL,NULL
NBP21-13,2113,2111,AS01 Hydrographic Survey,179,246,-66.853,-68.605,3390220,4,33.79,1.18,0.5,129,3,4,2,1,12,UNPE,4,0,5,350,NULL
NBP21-13,2113,2111,AS01 Hydrographic Survey,179,246,-66.853,-68.605,3390220,4,33.79,1.18,0.5,129,3,4,2,1,15,NONE,0,0,NULL,NULL,NULL
NBP21-13,2113,2111,AS02 Hydrographic Survey,180,263,-66.843,-68.663,3390318,4,33.75,1.18,0.6,284,0,0,0,0,0,NONE,0,0,NULL,NULL,NULL
NBP21-13,2113,2111,AS02 Hydrographic Survey,180,263,-66.843,-68.663,3390318,4,33.75,1.18,0.6,284,0,0,0,0,1,GIPE,2,0,2,NULL,One adult and one all dark juvenile
NBP21-13,2113,2111,AS02 Hydrographic Survey,180,263,-66.843,-68.663,3390318,4,33.75,1.18,0.6,284,0,0,0,0,1,UNPE,5,0,5,290,NULL
NBP21-13,2113,2111,AS02 Hydrographic Survey,180,263,-66.843,-68.663,3390318,4,33.75,1.18,0.6,284,0,0,0,0,13,CAPE,1,0,2,NULL,NULL
NBP21-13,2113,2111,AS02 Hydrographic Survey,180,263,-66.843,-68.663,3390318,4,33.75,1.18,0.6,284,0,0,0,0,13,SOFU,1,0,2,NULL,NULL
NBP21-13,2113,2111,AS02 Hydrographic Survey,180,263,-66.843,-68.663,3390318,4,33.75,1.18,0.6,284,0,0,0,0,15,NONE,0,0,NULL,NULL,NULL
NBP21-13,2113,2111,300.1,184,493,-66.507,-69.889,3400121,4,34,1.49,20.4,271,0,0,0,0,0,ANPE,5,0,2,NULL,NULL
NBP21-13,2113,2111,300.1,184,493,-66.507,-69.889,3400121,4,34,1.49,20.4,271,0,0,0,0,0,SOFU,3,0,2,NULL,NULL
NBP21-13,2113,2111,300.1,184,493,-66.507,-69.889,3400121,4,34,1.49,20.4,271,0,0,0,0,1,CAPE,2,0,2,NULL,NULL
NBP21-13,2113,2111,300.1,184,493,-66.507,-69.889,3400121,4,34,1.49,20.4,271,0,0,0,0,4,ANPR,7,0,2,NULL,NULL
NBP21-13,2113,2111,300.1,184,493,-66.507,-69.889,3400121,4,34,1.49,20.4,271,0,0,0,0,5,CAPE,4,0,3,NULL,NULL
NBP21-13,2113,2111,300.1,184,493,-66.507,-69.889,3400121,4,34,1.49,20.4,271,0,0,0,0,9,ANPR,4,0,2,NULL,NULL
NBP21-13,2113,2111,300.1,184,493,-66.507,-69.889,3400121,4,34,1.49,20.4,271,0,0,0,0,14,CAPE,3,0,2,NULL,NULL
NBP21-13,2113,2111,300.1,184,493,-66.507,-69.889,3400121,4,34,1.49,20.4,271,0,0,0,0,15,NONE,0,0,NULL,NULL,"Forgot end sighting for this event, so out of order"
NBP21-13,2113,2111,300.1,185,494,-66.507,-69.888,3400218,4,34,1.5,18.3,278,0,0,0,0,0,SOFU,3,0,2,NULL,NULL
NBP21-13,2113,2111,300.1,185,494,-66.507,-69.888,3400218,4,34,1.5,18.3,278,0,0,0,0,1,ANPE,3,0,2,NULL,NULL
NBP21-13,2113,2111,300.1,185,494,-66.507,-69.888,3400218,4,34,1.5,18.3,278,0,0,0,0,1,CAPE,1,0,2,NULL,NULL
NBP21-13,2113,2111,300.1,185,494,-66.507,-69.888,3400218,4,34,1.5,18.3,278,0,0,0,0,6,CAPE,1,0,2,NULL,NULL
NBP21-13,2113,2111,300.1,185,494,-66.507,-69.888,3400218,4,34,1.5,18.3,278,0,0,0,0,8,UNPR,1,0,2,NULL,NULL
NBP21-13,2113,2111,300.1,185,494,-66.507,-69.888,3400218,4,34,1.5,18.3,278,0,0,0,0,11,ANPR,5,0,2,NULL,NULL
NBP21-13,2113,2111,300.1,185,494,-66.507,-69.888,3400218,4,34,1.5,18.3,278,0,0,0,0,15,NONE,0,0,NULL,NULL,NULL
NBP21-13,2113,2111,300.1,186,499,-66.507,-69.938,3400254,3,34.01,1.64,15.5,280,0,0,0,0,0,SOFU,1,0,2,NULL,NULL
NBP21-13,2113,2111,300.1,186,499,-66.507,-69.938,3400254,3,34.01,1.64,15.5,280,0,0,0,0,1,SOFU,1,0,2,NULL,NULL
NBP21-13,2113,2111,300.1,186,499,-66.507,-69.938,3400254,3,34.01,1.64,15.5,280,0,0,0,0,1,ANPR,2,0,2,NULL,NULL
NBP21-13,2113,2111,300.1,186,499,-66.507,-69.938,3400254,3,34.01,1.64,15.5,280,0,0,0,0,3,ANPR,2,0,2,NULL,NULL
NBP21-13,2113,2111,300.1,186,499,-66.507,-69.938,3400254,3,34.01,1.64,15.5,280,0,0,0,0,4,ANPR,4,0,2,NULL,Further out
NBP21-13,2113,2111,300.1,186,499,-66.507,-69.938,3400254,3,34.01,1.64,15.5,280,0,0,0,0,10,ANPR,3,0,2,NULL,NULL
NBP21-13,2113,2111,300.1,186,499,-66.507,-69.938,3400254,3,34.01,1.64,15.5,280,0,0,0,0,10,SOFU,1,0,2,NULL,NULL
NBP21-13,2113,2111,300.1,186,499,-66.507,-69.938,3400254,3,34.01,1.64,15.5,280,0,0,0,0,15,NONE,0,0,NULL,NULL,NULL
NBP21-13,2113,2111,300.200 MOCNESS,189,3007,-65.917,-71.378,3410145,4,33.87,1.87,20,4,0,0,0,0,0,ANPR,50,0,2,NULL,"Surrounding stern, estimate"
NBP21-13,2113,2111,300.200 MOCNESS,189,3007,-65.917,-71.378,3410145,4,33.87,1.87,20,4,0,0,0,0,1,CAPE,6,0,2,NULL,NULL
NBP21-13,2113,2111,300.200 MOCNESS,189,3007,-65.917,-71.378,3410145,4,33.87,1.87,20,4,0,0,0,0,1,ANPR,50,0,2,NULL,"Also surrounding bow, estimate"
NBP21-13,2113,2111,300.200 MOCNESS,189,3007,-65.917,-71.378,3410145,4,33.87,1.87,20,4,0,0,0,0,1,SOFU,2,0,2,NULL,NULL
NBP21-13,2113,2111,300.200 MOCNESS,189,3007,-65.917,-71.378,3410145,4,33.87,1.87,20,4,0,0,0,0,9,SOFU,3,0,2,NULL,NULL
NBP21-13,2113,2111,300.200 MOCNESS,189,3007,-65.917,-71.378,3410145,4,33.87,1.87,20,4,0,0,0,0,15,NONE,0,0,NULL,NULL,NULL
NBP21-13,2113,2111,300.2,193,3207,-65.813,-71.222,3411302,3,33.86,0.71,13.2,217,0,0,0,0,0,CAPE,5,0,0,NULL,NULL
NBP21-13,2113,2111,300.2,193,3207,-65.813,-71.222,3411302,3,33.86,0.71,13.2,217,0,0,0,0,1,ANPE,1,0,0,NULL,NULL
NBP21-13,2113,2111,300.2,193,3207,-65.813,-71.222,3411302,3,33.86,0.71,13.2,217,0,0,0,0,1,BLPE,4,0,0,NULL,NULL
NBP21-13,2113,2111,300.2,193,3207,-65.813,-71.222,3411302,3,33.86,0.71,13.2,217,0,0,0,0,2,HUWH,2,0,5,NULL,NULL
NBP21-13,2113,2111,300.2,193,3207,-65.813,-71.222,3411302,3,33.86,0.71,13.2,217,0,0,0,0,3,CAPE,2,0,6,NULL,NULL
NBP21-13,2113,2111,300.2,193,3207,-65.813,-71.222,3411302,3,33.86,0.71,13.2,217,0,0,0,0,7,CAPE,4,0,2,NULL,NULL
NBP21-13,2113,2111,300.2,193,3207,-65.813,-71.222,3411302,3,33.86,0.71,13.2,217,0,0,0,0,8,ANPE,2,0,6,NULL,NULL
NBP21-13,2113,2111,300.2,193,3207,-65.813,-71.222,3411302,3,33.86,0.71,13.2,217,0,0,0,0,12,CAPE,2,0,6,NULL,NULL
NBP21-13,2113,2111,300.2,193,3207,-65.813,-71.222,3411302,3,33.86,0.71,13.2,217,0,0,0,0,13,BLPE,7,0,6,NULL,NULL
NBP21-13,2113,2111,300.2,193,3207,-65.813,-71.222,3411302,3,33.86,0.71,13.2,217,0,0,0,0,13,BBAL,1,0,1,250,NULL
NBP21-13,2113,2111,300.2,193,3207,-65.813,-71.222,3411302,3,33.86,0.71,13.2,217,0,0,0,0,14,ANPE,2,0,6,NULL,NULL
NBP21-13,2113,2111,300.2,193,3207,-65.813,-71.222,3411302,3,33.86,0.71,13.2,217,0,0,0,0,14,SOFU,1,0,2,NULL,NULL
NBP21-13,2113,2111,300.2,193,3207,-65.813,-71.222,3411302,3,33.86,0.71,13.2,217,0,0,0,0,14,BBAL,1,0,2,NULL,NULL
NBP21-13,2113,2111,300.2,193,3207,-65.813,-71.222,3411302,3,33.86,0.71,13.2,217,0,0,0,0,16,NONE,0,0,NULL,NULL,NULL
NBP21-13,2113,2111,600.04,198,1320,-64.933,-64.402,3421904,5,33.56,0.97,23.1,341,0,0,0,0,0,NONE,0,0,NULL,NULL,NULL
NBP21-13,2113,2111,600.04,198,1320,-64.933,-64.402,3421904,5,33.56,0.97,23.1,341,0,0,0,0,3,CAPE,3,0,3,NULL,NULL
NBP21-13,2113,2111,600.04,198,1320,-64.933,-64.402,3421904,5,33.56,0.97,23.1,341,0,0,0,0,10,SPSK,1,0,2,NULL,NULL
NBP21-13,2113,2111,600.04,198,1320,-64.933,-64.402,3421904,5,33.56,0.97,23.1,341,0,0,0,0,15,NONE,0,0,NULL,NULL,NULL
NBP21-13,2113,2111,600.04,199,1392,-64.96,-64.356,3422007,4,33.54,0.96,20.9,329,0,0,0,0,0,NONE,0,0,NULL,NULL,NULL
NBP21-13,2113,2111,600.04,199,1392,-64.96,-64.356,3422007,4,33.54,0.96,20.9,329,0,0,0,0,2,CAPE,2,0,3,NULL,NULL
NBP21-13,2113,2111,600.04,199,1392,-64.96,-64.356,3422007,4,33.54,0.96,20.9,329,0,0,0,0,4,CAPE,3,0,3,NULL,On other side of ship from previous 2
NBP21-13,2113,2111,600.04,199,1392,-64.96,-64.356,3422007,4,33.54,0.96,20.9,329,0,0,0,0,15,NONE,0,0,NULL,NULL,NULL
NBP21-13,2113,2111,600.04,200,1400,-64.939,-64.391,3422053,4,33.54,1.05,20.8,325,0,0,0,0,0,SPSK,1,0,1,50,NULL
NBP21-13,2113,2111,600.04,200,1400,-64.939,-64.391,3422053,4,33.54,1.05,20.8,325,0,0,0,0,2,CAPE,3,0,3,NULL,NULL
NBP21-13,2113,2111,600.04,200,1400,-64.939,-64.391,3422053,4,33.54,1.05,20.8,325,0,0,0,0,4,WISP,1,0,2,NULL,NULL
NBP21-13,2113,2111,600.04,200,1400,-64.939,-64.391,3422053,4,33.54,1.05,20.8,325,0,0,0,0,5,CAPE,2,0,2,NULL,NULL
NBP21-13,2113,2111,600.04,200,1400,-64.939,-64.391,3422053,4,33.54,1.05,20.8,325,0,0,0,0,15,NONE,0,0,NULL,NULL,NULL
NBP21-13,2113,2111,600.04,201,1336,-64.933,-64.4,3422229,4,33.56,1.34,18.1,321,0,0,0,0,0,NONE,0,0,NULL,NULL,NULL
NBP21-13,2113,2111,600.04,201,1336,-64.933,-64.4,3422229,4,33.56,1.34,18.1,321,0,0,0,0,2,CAPE,3,0,3,NULL,NULL
NBP21-13,2113,2111,600.04,201,1336,-64.933,-64.4,3422229,4,33.56,1.34,18.1,321,0,0,0,0,12,WISP,1,0,1,130,NULL
NBP21-13,2113,2111,600.04,201,1336,-64.933,-64.4,3422229,4,33.56,1.34,18.1,321,0,0,0,0,15,NONE,0,0,NULL,NULL,NULL
NBP21-13,2113,2111,600.040 MOCNESS,202,385,-65.011,-64.27,3430206,4,33.71,1.59,22.4,3,0,0,0,0,0,NONE,0,0,NULL,NULL,NULL
NBP21-13,2113,2111,600.040 MOCNESS,202,385,-65.011,-64.27,3430206,4,33.71,1.59,22.4,3,0,0,0,0,4,SOFU,1,0,2,NULL,NULL
NBP21-13,2113,2111,600.040 MOCNESS,202,385,-65.011,-64.27,3430206,4,33.71,1.59,22.4,3,0,0,0,0,15,NONE,0,0,NULL,NULL,NULL
NBP21-13,2113,2111,600.04,204,1337,-64.934,-64.4,3430858,4,33.55,1.37,20.8,16,0,0,0,0,0,NONE,0,0,NULL,NULL,NULL
NBP21-13,2113,2111,600.04,204,1337,-64.934,-64.4,3430858,4,33.55,1.37,20.8,16,0,0,0,0,1,CAPE,1,0,0,NULL,Sitting on bow
NBP21-13,2113,2111,600.04,204,1337,-64.934,-64.4,3430858,4,33.55,1.37,20.8,16,0,0,0,0,9,CHPE,1,0,3,NULL,Sitting a few meters behind boat
NBP21-13,2113,2111,600.04,204,1337,-64.934,-64.4,3430858,4,33.55,1.37,20.8,16,0,0,0,0,11,ANPE,1,0,2,NULL,NULL
NBP21-13,2113,2111,600.04,204,1337,-64.934,-64.4,3430858,4,33.55,1.37,20.8,16,0,0,0,0,12,CAPE,1,0,2,NULL,NULL
NBP21-13,2113,2111,600.04,204,1337,-64.934,-64.4,3430858,4,33.55,1.37,20.8,16,0,0,0,0,16,NONE,0,0,NULL,NULL,NULL
NBP21-13,2113,2111,600.04,205,1440,-64.96,-64.382,3431042,3,33.57,1.26,12.2,62,0,0,0,0,0,CAPE,2,0,0,NULL,NULL
NBP21-13,2113,2111,600.04,205,1440,-64.96,-64.382,3431042,3,33.57,1.26,12.2,62,0,0,0,0,1,UNSK,1,0,1,150,NULL
NBP21-13,2113,2111,600.04,205,1440,-64.96,-64.382,3431042,3,33.57,1.26,12.2,62,0,0,0,0,8,CHPE,8,0,5,NULL,NULL
NBP21-13,2113,2111,600.04,205,1440,-64.96,-64.382,3431042,3,33.57,1.26,12.2,62,0,0,0,0,16,NONE,0,0,NULL,NULL,NULL
NBP21-13,2113,2111,600.04,206,1343,-64.953,-64.388,3431132,3,33.55,1.05,11.8,54,0,0,0,0,0,CAPE,1,0,0,NULL,NULL
NBP21-13,2113,2111,600.04,206,1343,-64.953,-64.388,3431132,3,33.55,1.05,11.8,54,0,0,0,0,14,UNSK,1,0,1,160,NULL
NBP21-13,2113,2111,600.04,206,1343,-64.953,-64.388,3431132,3,33.55,1.05,11.8,54,0,0,0,0,16,NONE,0,0,NULL,NULL,NULL
NBP21-13,2113,2111,742.003,263,790,-64.17,-61.906,3481603,1,34.02,0.72,22.1,288,0,0,0,0,0,NONE,0,0,NULL,NULL,NULL
NBP21-13,2113,2111,742.003,263,790,-64.17,-61.906,3481603,1,34.02,0.72,22.1,288,0,0,0,0,11,GIPE,2,0,1,50,NULL
NBP21-13,2113,2111,742.003,263,790,-64.17,-61.906,3481603,1,34.02,0.72,22.1,288,0,0,0,0,16,NONE,0,0,NULL,NULL,NULL
NBP21-13,2113,2111,742.003,265,865,-64.176,-61.895,3481717,3,34.03,0.49,25.3,303,1,1,2,1,0,NONE,0,0,NULL,NULL,NULL
NBP21-13,2113,2111,742.003,265,865,-64.176,-61.895,3481717,3,34.03,0.49,25.3,303,1,1,2,1,1,SOFU,2,0,2,NULL,NULL
NBP21-13,2113,2111,742.003,265,865,-64.176,-61.895,3481717,3,34.03,0.49,25.3,303,1,1,2,1,1,WISP,1,0,2,NULL,NULL
NBP21-13,2113,2111,742.003,265,865,-64.176,-61.895,3481717,3,34.03,0.49,25.3,303,1,1,2,1,2,SPSK,1,0,1,340,NULL
NBP21-13,2113,2111,742.003,265,865,-64.176,-61.895,3481717,3,34.03,0.49,25.3,303,1,1,2,1,4,SPSK,1,0,2,NULL,NULL
NBP21-13,2113,2111,742.003,265,865,-64.176,-61.895,3481717,3,34.03,0.49,25.3,303,1,1,2,1,6,WISP,1,0,1,250,NULL
NBP21-13,2113,2111,742.003,265,865,-64.176,-61.895,3481717,3,34.03,0.49,25.3,303,1,1,2,1,10,UNPR,1,0,1,220,NULL
NBP21-13,2113,2111,742.003,265,865,-64.176,-61.895,3481717,3,34.03,0.49,25.3,303,1,1,2,1,13,UNSK,1,0,0,300,NULL
NBP21-13,2113,2111,742.003,265,865,-64.176,-61.895,3481717,3,34.03,0.49,25.3,303,1,1,2,1,16,NONE,0,0,NULL,NULL,NULL
NBP21-13,2113,2111,742.003,266,700,-64.175,-61.887,3481814,4,34.03,0.58,32.6,294,1,1,2,1,0,NONE,0,0,NULL,NULL,NULL
NBP21-13,2113,2111,742.003,266,700,-64.175,-61.887,3481814,4,34.03,0.58,32.6,294,1,1,2,1,4,GIPE,1,0,1,330,NULL
NBP21-13,2113,2111,742.003,266,700,-64.175,-61.887,3481814,4,34.03,0.58,32.6,294,1,1,2,1,7,UNPR,1,0,1,120,NULL
NBP21-13,2113,2111,742.003,266,700,-64.175,-61.887,3481814,4,34.03,0.58,32.6,294,1,1,2,1,16,NONE,0,0,NULL,NULL,NULL
NBP21-13,2113,2111,831.-002,270,608,-63.576,-60.694,3490044,6,34.24,1.09,37.4,272,0,0,0,0,0,NONE,0,0,NULL,NULL,NULL
NBP21-13,2113,2111,831.-002,270,608,-63.576,-60.694,3490044,6,34.24,1.09,37.4,272,0,0,0,0,6,SOFU,10,0,3,NULL,Bobbing off of stern
NBP21-13,2113,2111,831.-002,270,608,-63.576,-60.694,3490044,6,34.24,1.09,37.4,272,0,0,0,0,15,NONE,0,0,NULL,NULL,NULL
