studyName,Sample Number,Sample Collection Date,Total Number,16-20,21-25,26-30,31-35,36-40,41-45,46-50,51-55,56-60	,61-65
PAL9192,91001,1992-01-15 00:00:00,62,0,0,0,0,15,31,10,5,1,0
PAL9192,91002,1992-01-15 00:00:00,80,3,0,12,4,11,22,19,8,1,0
PAL9192,91003,1992-01-15 00:00:00,73,0,4,3,4,11,26,16,8,1,0
PAL9192,91004,1992-01-15 00:00:00,65,3,3,2,3,11,28,15,0,0,0
PAL9192,91005,1992-01-15 00:00:00,52,0,0,0,1,12,24,8,4,3,0
PAL9192,91006,1992-01-20 00:00:00,81,0,0,4,1,10,15,17,15,17,2
PAL9192,91007,1992-01-20 00:00:00,90,2,7,9,5,13,24,16,9,5,0
PAL9192,91008,1992-01-20 00:00:00,73,0,1,5,8,3,20,26,8,2,0
PAL9192,91009,1992-01-20 00:00:00,68,0,1,2,3,6,19,19,13,3,2
PAL9192,91010,1992-01-20 00:00:00,131,5,10,13,11,22,39,19,11,1,0
PAL9192,91011,1992-01-25 00:00:00,95,0,0,0,1,21,16,17,20,19,1
PAL9192,91012,1992-01-25 00:00:00,83,1,4,6,8,21,25,11,6,1,0
PAL9192,91013,1992-01-25 00:00:00,69,0,0,1,2,7,18,26,13,2,0
PAL9192,91014,1992-01-25 00:00:00,52,0,0,0,0,5,16,17,8,6,0
PAL9192,91015,1992-01-25 00:00:00,47,0,0,0,4,11,21,4,6,1,0
PAL9192,91016,1992-01-30 00:00:00,70,0,0,0,0,10,20,11,16,9,4
PAL9192,91017,1992-01-30 00:00:00,70,0,0,11,18,7,14,11,8,1,0
PAL9192,91018,1992-01-30 00:00:00,69,0,5,16,14,15,13,5,1,0,0
PAL9192,91019,1992-01-30 00:00:00,49,0,0,0,0,3,14,15,7,10,0
PAL9192,91020,1992-01-30 00:00:00,87,0,12,8,14,18,15,11,6,0,3
PAL9192,91021,1992-02-04 00:00:00,36,0,0,0,1,5,6,6,10,7,1
PAL9192,91022,1992-02-04 00:00:00,65,0,0,6,10,17,14,12,5,1,0
PAL9192,91023,1992-02-04 00:00:00,63,0,0,0,4,2,13,15,8,15,6
PAL9192,91024,1992-02-04 00:00:00,75,0,0,4,3,3,15,32,13,5,0
PAL9192,91025,1992-02-04 00:00:00,56,0,0,1,3,5,20,16,7,4,0
PAL9192,91026,1992-02-09 00:00:00,57,0,0,0,0,0,6,18,11,17,5
PAL9192,91027,1992-02-09 00:00:00,44,0,0,1,5,8,13,11,5,1,0
PAL9192,91028,1992-02-09 00:00:00,59,0,0,0,1,2,17,24,15,0,0
PAL9192,91029,1992-02-09 00:00:00,62,0,0,0,0,2,16,21,18,4,1
PAL9192,91030,1992-02-09 00:00:00,95,0,0,16,22,23,18,12,4,0,0
PAL9192,91031,1992-02-14 00:00:00,70,0,0,0,6,6,19,16,13,10,0
PAL9192,91032,1992-02-14 00:00:00,80,0,0,2,5,16,25,15,13,3,1
PAL9192,91033,1992-02-14 00:00:00,72,0,0,0,2,2,23,24,20,1,0
PAL9192,91034,1992-02-14 00:00:00,62,0,0,0,1,3,24,19,10,5,0
PAL9192,91035,1992-02-14 00:00:00,82,0,0,1,2,15,24,27,12,1,0
PAL9192,91036,1992-02-19 00:00:00,68,0,0,0,2,2,14,31,14,5,0
PAL9192,91037,1992-02-19 00:00:00,90,0,0,0,9,7,23,28,18,4,1
PAL9192,91038,1992-02-19 00:00:00,58,0,0,0,0,1,9,27,19,2,0
PAL9192,91039,1992-02-19 00:00:00,77,0,0,0,0,2,9,25,20,13,8
PAL9192,91040,1992-02-19 00:00:00,62,0,0,1,2,6,20,19,13,1,0
PAL9293,92001,1993-01-11 00:00:00,53,0,0,6,22,8,10,7,0,0,0
PAL9293,92002,1993-01-11 00:00:00,50,0,3,11,20,7,8,1,0,0,0
PAL9293,92003,1993-01-11 00:00:00,52,0,0,7,27,14,1,3,0,0,0
PAL9293,92004,1993-01-11 00:00:00,56,0,0,7,19,17,10,2,1,0,0
PAL9293,92005,1993-01-11 00:00:00,50,0,0,0,30,11,6,2,1,0,0
PAL9293,92006,1993-01-19 00:00:00,53,0,0,3,23,16,10,1,0,0,0
PAL9293,92007,1993-01-19 00:00:00,50,0,0,2,24,15,8,1,0,0,0
PAL9293,92008,1993-01-19 00:00:00,54,0,0,1,13,22,17,1,0,0,0
PAL9293,92009,1993-01-19 00:00:00,48,0,0,4,24,16,3,1,0,0,0
PAL9293,92010,1993-01-19 00:00:00,50,0,0,1,25,14,9,1,0,0,0
PAL9293,92011,1993-01-23 00:00:00,50,0,0,4,29,15,2,0,0,0,0
PAL9293,92012,1993-01-23 00:00:00,56,0,0,3,23,23,7,0,0,0,0
PAL9293,92013,1993-01-23 00:00:00,57,0,0,7,30,15,5,0,0,0,0
PAL9293,92014,1993-01-23 00:00:00,58,0,0,3,28,23,3,1,0,0,0
PAL9293,92015,1993-01-23 00:00:00,57,0,0,1,24,23,9,0,0,0,0
PAL9293,92016,1993-01-30 00:00:00,50,0,0,0,10,24,15,1,0,0,0
PAL9293,92017,1993-01-30 00:00:00,56,0,0,2,31,19,4,0,0,0,0
PAL9293,92018,1993-01-30 00:00:00,56,0,0,0,8,30,12,6,0,0,0
PAL9293,92019,1993-01-30 00:00:00,50,0,0,1,28,13,7,1,0,0,0
PAL9293,92020,1993-01-30 00:00:00,52,0,0,0,29,18,4,1,0,0,0
PAL9293,92021,1993-02-04 00:00:00,50,0,0,1,16,23,9,0,1,0,0
PAL9293,92022,1993-02-04 00:00:00,50,0,0,4,27,19,0,0,0,0,0
PAL9293,92023,1993-02-04 00:00:00,55,0,0,1,26,19,9,0,0,0,0
PAL9293,92024,1993-02-04 00:00:00,50,0,0,0,9,23,14,4,0,0,0
PAL9293,92025,1993-02-04 00:00:00,50,0,0,0,4,21,18,7,0,0,0
PAL9293,92026,1993-02-09 00:00:00,54,0,0,3,11,23,17,0,0,0,0
PAL9293,92027,1993-02-09 00:00:00,52,0,0,0,8,22,16,4,2,0,0
PAL9293,92028,1993-02-09 00:00:00,54,0,0,0,7,17,17,12,1,0,0
PAL9293,92029,1993-02-09 00:00:00,50,0,0,0,15,23,10,2,0,0,0
PAL9293,92030,1993-02-09 00:00:00,50,0,0,1,3,19,16,8,3,0,0
PAL9293,92031,1993-02-14 00:00:00,50,0,0,0,2,15,16,17,0,0,0
PAL9293,92032,1993-02-14 00:00:00,48,0,0,0,9,19,18,1,1,0,0
PAL9293,92033,1993-02-14 00:00:00,54,0,0,0,7,25,20,2,0,0,0
PAL9293,92034,1993-02-14 00:00:00,48,0,0,1,13,15,13,4,2,0,0
PAL9293,92035,1993-02-14 00:00:00,61,0,0,0,7,14,30,10,0,0,0
PAL9293,92036,1993-02-19 00:00:00,50,0,0,0,4,10,31,5,0,0,0
PAL9293,92037,1993-02-19 00:00:00,50,0,0,1,4,21,18,5,1,0,0
PAL9293,92038,1993-02-19 00:00:00,53,0,0,0,2,11,30,9,1,0,0
PAL9293,92039,1993-02-19 00:00:00,50,0,0,0,7,21,15,5,2,0,0
PAL9293,92040,1993-02-19 00:00:00,78,0,0,0,1,18,26,30,3,0,0
PAL9394,93001,1994-01-11 00:00:00,54,0,0,0,2,8,29,13,2,0,0
PAL9394,93002,1994-01-11 00:00:00,50,0,0,0,1,21,23,5,0,0,0
PAL9394,93003,1994-01-11 00:00:00,62,0,0,3,11,29,12,5,2,0,0
PAL9394,93004,1994-01-11 00:00:00,54,0,0,0,5,24,25,0,0,0,0
PAL9394,93005,1994-01-11 00:00:00,65,0,0,0,4,29,30,2,0,0,0
PAL9394,93006,1994-01-16 00:00:00,54,0,0,2,7,24,18,3,0,0,0
PAL9394,93007,1994-01-16 00:00:00,50,0,0,0,1,6,27,12,4,0,0
PAL9394,93008,1994-01-16 00:00:00,53,0,0,1,6,28,18,0,0,0,0
PAL9394,93009,1994-01-16 00:00:00,50,0,0,1,2,24,20,1,2,0,0
PAL9394,93010,1994-01-16 00:00:00,58,0,0,0,1,10,32,14,1,0,0
PAL9394,93011,1994-01-21 00:00:00,58,0,0,0,2,15,29,11,1,0,0
PAL9394,93012,1994-01-21 00:00:00,63,0,0,0,3,17,28,13,2,0,0
PAL9394,93013,1994-01-21 00:00:00,51,0,0,0,1,11,26,12,1,0,0
PAL9394,93014,1994-01-21 00:00:00,51,0,0,1,2,15,23,8,2,0,0
PAL9394,93015,1994-01-21 00:00:00,55,0,0,0,1,14,28,11,1,0,0
PAL9394,93016,1994-01-26 00:00:00,58,0,0,0,3,27,19,9,0,0,0
PAL9394,93017,1994-01-26 00:00:00,55,0,0,0,0,8,26,20,1,0,0
PAL9394,93018,1994-01-26 00:00:00,51,0,0,0,0,17,32,2,0,0,0
PAL9394,93019,1994-01-26 00:00:00,59,0,0,0,0,14,36,9,0,0,0
PAL9394,93020,1994-01-26 00:00:00,50,0,0,0,3,30,16,1,0,0,0
PAL9394,93021,1994-02-01 00:00:00,50,0,0,0,0,10,29,11,0,0,0
PAL9394,93022,1994-02-01 00:00:00,74,0,0,0,1,12,35,25,1,0,0
PAL9394,93023,1994-02-01 00:00:00,50,0,0,0,0,19,23,8,0,0,0
PAL9394,93024,1994-02-01 00:00:00,62,0,0,0,0,5,22,26,9,0,0
PAL9394,93025,1994-02-01 00:00:00,51,0,0,0,2,9,29,7,4,0,0
PAL9394,93026,1994-02-07 00:00:00,65,0,0,0,0,8,39,14,4,0,0
PAL9394,93027,1994-02-07 00:00:00,73,0,0,0,1,24,34,12,2,0,0
PAL9394,93028,1994-02-07 00:00:00,50,0,0,0,1,1,30,15,3,0,0
PAL9394,93029,1994-02-07 00:00:00,50,0,0,0,2,12,25,11,0,0,0
PAL9394,93030,1994-02-07 00:00:00,61,0,0,0,0,6,22,19,14,0,0
PAL9394,93031,1994-02-13 00:00:00,51,0,0,0,1,8,26,15,1,0,0
PAL9394,93032,1994-02-13 00:00:00,50,0,0,0,2,10,23,11,4,0,0
PAL9394,93033,1994-02-13 00:00:00,50,0,0,0,0,9,21,20,0,0,0
PAL9394,93034,1994-02-13 00:00:00,51,0,0,0,1,7,19,20,4,0,0
PAL9394,93035,1994-02-13 00:00:00,52,0,0,0,0,10,22,18,2,0,0
PAL9394,93036,1994-02-18 00:00:00,63,0,0,0,3,21,28,7,4,0,0
PAL9394,93037,1994-02-18 00:00:00,50,0,0,0,2,13,21,13,1,0,0
PAL9394,93038,1994-02-18 00:00:00,50,0,0,0,2,9,13,15,11,0,0
PAL9394,93039,1994-02-18 00:00:00,52,0,0,0,0,3,30,15,4,0,0
PAL9394,93040,1994-02-18 00:00:00,53,0,0,0,0,15,25,11,2,0,0
PAL9495,94001,1995-01-11 00:00:00,59,0,0,0,0,7,35,17,0,0,0
PAL9495,94002,1995-01-11 00:00:00,6,0,0,0,0,2,4,0,0,0,0
PAL9495,94003,1995-01-11 00:00:00,26,0,0,0,1,4,17,4,0,0,0
PAL9495,94004,1995-01-11 00:00:00,59,0,0,0,3,18,29,9,0,0,0
PAL9495,94005,1995-01-11 00:00:00,50,0,0,3,11,24,12,0,0,0,0
PAL9495,94006,1995-01-17 00:00:00,51,0,0,4,9,21,13,4,0,0,0
PAL9495,94007,1995-01-17 00:00:00,13,0,0,0,1,5,7,0,0,0,0
PAL9495,94008,1995-01-17 00:00:00,57,0,0,4,2,14,27,10,0,0,0
PAL9495,94009,1995-01-17 00:00:00,28,0,0,0,0,0,11,17,0,0,0
PAL9495,94010,1995-01-17 00:00:00,71,0,1,1,2,17,27,22,1,0,0
PAL9495,94011,1995-01-22 00:00:00,27,0,0,0,0,3,9,15,0,0,0
PAL9495,94012,1995-01-22 00:00:00,59,0,0,0,1,8,33,16,1,0,0
PAL9495,94013,1995-01-22 00:00:00,52,0,0,0,3,9,26,13,1,0,0
PAL9495,94014,1995-01-22 00:00:00,52,0,0,0,0,8,24,17,3,0,0
PAL9495,94015,1995-01-22 00:00:00,51,0,0,0,4,12,17,18,0,0,0
PAL9495,94016,1995-01-27 00:00:00,49,0,0,0,0,2,14,31,2,0,0
PAL9495,94017,1995-01-27 00:00:00,55,0,0,0,1,3,24,22,5,0,0
PAL9495,94018,1995-01-27 00:00:00,65,0,0,0,0,2,29,30,4,0,0
PAL9495,94019,1995-01-27 00:00:00,67,0,0,1,0,3,17,38,8,0,0
PAL9495,94020,1995-01-27 00:00:00,50,0,0,0,2,12,19,14,3,0,0
PAL9495,94021,1995-02-02 00:00:00,54,0,0,0,0,0,9,36,8,1,0
PAL9495,94022,1995-02-02 00:00:00,51,0,0,0,1,5,22,19,3,1,0
PAL9495,94023,1995-02-02 00:00:00,52,0,0,0,0,1,5,35,11,0,0
PAL9495,94024,1995-02-02 00:00:00,53,0,0,0,1,1,15,32,4,0,0
PAL9495,94025,1995-02-02 00:00:00,52,0,0,0,2,2,29,11,8,0,0
PAL9495,94026,1995-02-06 00:00:00,55,0,0,1,6,7,16,22,3,0,0
PAL9495,94027,1995-02-06 00:00:00,57,0,0,0,0,4,20,30,3,0,0
PAL9495,94028,1995-02-06 00:00:00,50,0,0,0,2,2,10,28,8,0,0
PAL9495,94029,1995-02-06 00:00:00,24,0,0,0,0,4,13,6,1,0,0
PAL9495,94030,1995-02-06 00:00:00,52,0,0,1,1,2,20,25,3,0,0
PAL9495,94031,1995-02-13 00:00:00,51,0,0,0,0,1,17,23,10,0,0
PAL9495,94032,1995-02-13 00:00:00,48,0,0,0,0,1,10,24,11,2,0
PAL9495,94033,1995-02-13 00:00:00,41,1,0,0,0,2,14,21,3,0,0
PAL9495,94034,1995-02-13 00:00:00,58,0,0,0,0,3,18,24,12,1,0
PAL9495,94035,1995-02-13 00:00:00,62,0,0,0,3,2,18,31,8,0,0
PAL9495,94036,1995-02-18 00:00:00,56,0,0,0,1,4,24,23,4,0,0
PAL9495,94037,1995-02-18 00:00:00,50,0,0,0,1,6,20,22,1,0,0
PAL9495,94038,1995-02-18 00:00:00,52,0,0,1,8,6,12,20,5,0,0
PAL9495,94039,1995-02-18 00:00:00,51,0,0,0,1,4,18,25,3,0,0
PAL9495,94040,1995-02-18 00:00:00,49,0,0,0,2,6,23,14,4,0,0
PAL9596,95001,1996-01-11 00:00:00,50,0,0,0,1,1,10,27,11,0,0
PAL9596,95002,1996-01-11 00:00:00,74,0,0,0,0,0,4,47,22,1,0
PAL9596,95003,1996-01-11 00:00:00,62,0,0,0,0,0,12,35,15,0,0
PAL9596,95004,1996-01-11 00:00:00,58,0,0,0,0,3,10,24,21,0,0
PAL9596,95005,1996-01-11 00:00:00,70,5,12,6,1,0,1,20,25,0,0
PAL9596,95006,1996-01-16 00:00:00,50,0,0,9,0,0,3,20,15,3,0
PAL9596,95007,1996-01-16 00:00:00,56,0,5,17,12,3,17,2,0,0,0
PAL9596,95008,1996-01-16 00:00:00,54,0,0,0,0,0,1,15,27,11,0
PAL9596,95009,1996-01-16 00:00:00,51,1,3,5,2,3,10,25,2,0,0
PAL9596,95010,1996-01-16 00:00:00,55,0,1,0,2,6,6,23,17,0,0
PAL9596,95011,1996-01-22 00:00:00,56,0,0,4,28,3,11,8,2,0,0
PAL9596,95012,1996-01-22 00:00:00,50,0,0,9,25,8,2,2,4,0,0
PAL9596,95013,1996-01-22 00:00:00,52,1,0,3,11,7,13,11,5,1,0
PAL9596,95014,1996-01-22 00:00:00,81,3,4,0,0,0,7,38,27,2,0
PAL9596,95015,1996-01-22 00:00:00,76,2,2,3,11,2,7,28,20,1,0
PAL9596,95016,1996-01-27 00:00:00,52,0,0,4,27,11,5,5,0,0,0
PAL9596,95017,1996-01-27 00:00:00,69,21,9,0,0,0,6,19,14,0,0
PAL9596,95018,1996-01-27 00:00:00,50,0,1,6,16,6,7,10,4,0,0
PAL9596,95019,1996-01-27 00:00:00,47,0,0,0,0,3,25,17,2,0,0
PAL9596,95020,1996-01-27 00:00:00,52,0,0,1,1,2,29,15,4,0,0
PAL9596,95021,1996-02-01 00:00:00,31,0,0,0,0,1,8,12,10,0,0
PAL9596,95022,1996-02-01 00:00:00,67,2,8,1,1,2,8,24,21,0,0
PAL9596,95023,1996-02-01 00:00:00,51,0,0,0,0,1,13,23,13,1,0
PAL9596,95024,1996-02-01 00:00:00,53,0,2,5,6,6,13,18,3,0,0
PAL9596,95025,1996-02-01 00:00:00,57,0,0,0,3,0,5,32,17,0,0
PAL9596,95026,1996-02-06 00:00:00,51,0,0,1,5,4,1,21,18,1,0
PAL9596,95027,1996-02-06 00:00:00,55,0,0,2,13,15,4,19,2,0,0
PAL9596,95028,1996-02-06 00:00:00,69,0,0,0,1,4,7,22,25,10,0
PAL9596,95029,1996-02-06 00:00:00,53,0,2,2,20,22,3,2,2,0,0
PAL9596,95030,1996-02-06 00:00:00,53,0,0,1,20,20,3,5,4,0,0
PAL9596,95031,1996-02-11 00:00:00,57,0,0,1,10,21,8,7,9,1,0
PAL9596,95032,1996-02-11 00:00:00,67,0,0,0,19,21,8,14,5,0,0
PAL9596,95033,1996-02-11 00:00:00,50,0,1,3,20,19,4,2,1,0,0
PAL9596,95034,1996-02-11 00:00:00,47,0,0,0,0,0,4,18,16,9,0
PAL9596,95035,1996-02-11 00:00:00,52,0,2,6,13,19,6,4,2,0,0
PAL9596,95036,1996-02-17 00:00:00,52,0,0,0,14,21,4,6,7,0,0
PAL9596,95037,1996-02-17 00:00:00,6,0,0,0,0,1,1,2,2,0,0
PAL9596,95038,1996-02-17 00:00:00,73,5,0,7,17,9,4,13,15,3,0
PAL9596,95039,1996-02-17 00:00:00,53,0,0,4,10,17,3,11,5,3,0
PAL9596,95040,1996-02-17 00:00:00,77,0,0,0,4,16,8,28,19,2,0
PAL9697,96001,1997-01-06 00:00:00,56,0,4,24,23,4,1,0,0,0,0
PAL9697,96002,1997-01-06 00:00:00,79,0,2,13,45,18,1,0,0,0,0
PAL9697,96003,1997-01-06 00:00:00,65,2,3,19,20,17,4,0,0,0,0
PAL9697,96004,1997-01-06 00:00:00,68,1,0,8,38,18,3,0,0,0,0
PAL9697,96005,1997-01-06 00:00:00,58,0,8,21,24,4,1,0,0,0,0
PAL9697,96006,1997-01-11 00:00:00,98,0,1,11,46,31,8,1,0,0,0
PAL9697,96007,1997-01-11 00:00:00,82,0,7,8,34,13,12,4,4,0,0
PAL9697,96008,1997-01-11 00:00:00,54,1,2,11,28,10,2,0,0,0,0
PAL9697,96009,1997-01-11 00:00:00,87,0,3,13,32,17,10,7,4,1,0
PAL9697,96010,1997-01-11 00:00:00,57,0,1,11,37,8,0,0,0,0,0
PAL9697,96011,1997-01-16 00:00:00,62,0,0,2,36,21,3,0,0,0,0
PAL9697,96012,1997-01-16 00:00:00,63,0,1,6,30,24,2,0,0,0,0
PAL9697,96013,1997-01-16 00:00:00,50,0,0,4,33,10,3,0,0,0,0
PAL9697,96014,1997-01-16 00:00:00,54,0,2,4,14,21,12,1,0,0,0
PAL9697,96015,1997-01-16 00:00:00,87,0,0,3,29,41,12,2,0,0,0
PAL9697,96016,1997-01-21 00:00:00,56,0,0,4,26,23,3,0,0,0,0
PAL9697,96017,1997-01-21 00:00:00,73,0,1,18,43,11,0,0,0,0,0
PAL9697,96018,1997-01-21 00:00:00,63,0,5,11,35,11,0,1,0,0,0
PAL9697,96019,1997-01-21 00:00:00,76,0,5,11,41,14,4,1,0,0,0
PAL9697,96020,1997-01-21 00:00:00,120,0,8,8,47,31,18,8,0,0,0
PAL9697,96021,1997-01-26 00:00:00,57,0,3,3,18,14,18,1,0,0,0
PAL9697,96022,1997-01-26 00:00:00,63,0,5,13,21,18,6,0,0,0,0
PAL9697,96023,1997-01-26 00:00:00,88,0,8,22,38,14,2,3,1,0,0
PAL9697,96024,1997-01-26 00:00:00,50,1,14,5,10,12,5,2,1,0,0
PAL9697,96025,1997-01-26 00:00:00,86,0,9,19,30,23,4,1,0,0,0
PAL9697,96026,1997-01-31 00:00:00,66,0,8,3,37,12,6,0,0,0,0
PAL9697,96027,1997-01-31 00:00:00,73,0,6,1,24,22,16,4,0,0,0
PAL9697,96028,1997-01-31 00:00:00,106,0,1,10,40,42,10,3,0,0,0
PAL9697,96029,1997-01-31 00:00:00,110,1,6,12,55,22,10,4,0,0,0
PAL9697,96030,1997-01-31 00:00:00,70,0,0,4,36,21,9,0,0,0,0
PAL9697,96031,1997-02-05 00:00:00,76,0,5,11,37,19,4,0,0,0,0
PAL9697,96032,1997-02-05 00:00:00,57,0,0,3,2,16,24,10,1,1,0
PAL9697,96033,1997-02-05 00:00:00,52,0,4,4,33,3,7,1,0,0,0
PAL9697,96034,1997-02-05 00:00:00,55,0,0,1,15,12,17,10,0,0,0
PAL9697,96035,1997-02-05 00:00:00,71,0,0,1,4,21,18,20,7,0,0
PAL9697,96036,1997-02-10 00:00:00,60,0,0,0,13,24,20,3,0,0,0
PAL9697,96037,1997-02-10 00:00:00,56,2,6,8,28,11,0,1,0,0,0
PAL9697,96038,1997-02-10 00:00:00,80,0,2,6,28,27,15,2,0,0,0
PAL9697,96039,1997-02-10 00:00:00,102,0,3,10,28,38,18,5,0,0,0
PAL9697,96040,1997-02-10 00:00:00,73,0,0,5,32,25,7,4,0,0,0
PAL9697,96041,1997-02-15 00:00:00,78,0,0,8,34,27,6,2,1,0,0
PAL9697,96042,1997-02-15 00:00:00,65,0,0,1,14,21,22,7,0,0,0
PAL9697,96043,1997-02-15 00:00:00,55,0,0,6,31,12,6,0,0,0,0
PAL9697,96044,1997-02-15 00:00:00,83,0,0,2,28,35,15,3,0,0,0
PAL9697,96045,1997-02-15 00:00:00,78,0,1,4,33,20,16,4,0,0,0
PAL9798,97001,1998-01-06 00:00:00,111,0,0,13,42,38,8,9,1,0,0
PAL9798,97002,1998-01-06 00:00:00,64,0,0,1,17,31,15,0,0,0,0
PAL9798,97003,1998-01-06 00:00:00,62,0,0,10,23,26,3,0,0,0,0
PAL9798,97004,1998-01-06 00:00:00,53,0,0,8,23,22,0,0,0,0,0
PAL9798,97005,1998-01-06 00:00:00,79,0,0,34,39,6,0,0,0,0,0
PAL9798,97006,1998-01-11 00:00:00,91,0,0,5,43,29,12,2,0,0,0
PAL9798,97007,1998-01-11 00:00:00,53,0,1,11,16,16,8,1,0,0,0
PAL9798,97008,1998-01-11 00:00:00,60,1,0,9,21,24,5,0,0,0,0
PAL9798,97009,1998-01-11 00:00:00,53,0,0,8,19,18,7,1,0,0,0
PAL9798,97010,1998-01-11 00:00:00,68,0,0,7,35,21,5,0,0,0,0
PAL9798,97011,1998-01-16 00:00:00,78,0,2,11,47,16,1,1,0,0,0
PAL9798,97012,1998-01-16 00:00:00,63,0,0,2,21,34,6,0,0,0,0
PAL9798,97013,1998-01-16 00:00:00,50,0,0,5,34,10,1,0,0,0,0
PAL9798,97014,1998-01-16 00:00:00,60,0,0,1,12,38,8,1,0,0,0
PAL9798,97015,1998-01-16 00:00:00,83,0,1,2,40,32,8,0,0,0,0
PAL9798,97016,1998-01-21 00:00:00,83,0,0,7,17,36,21,2,0,0,0
PAL9798,97017,1998-01-21 00:00:00,103,0,2,1,33,51,13,3,0,0,0
PAL9798,97018,1998-01-21 00:00:00,103,0,0,2,29,54,13,4,1,0,0
PAL9798,97019,1998-01-21 00:00:00,72,0,0,0,16,50,6,0,0,0,0
PAL9798,97020,1998-01-21 00:00:00,53,0,0,0,20,20,13,0,0,0,0
PAL9798,97021,1998-01-26 00:00:00,52,0,0,1,10,24,17,0,0,0,0
PAL9798,97022,1998-01-26 00:00:00,82,0,2,5,51,24,0,0,0,0,0
PAL9798,97023,1998-01-26 00:00:00,62,0,0,3,31,27,1,0,0,0,0
PAL9798,97024,1998-01-26 00:00:00,51,0,0,0,29,20,2,0,0,0,0
PAL9798,97025,1998-01-26 00:00:00,51,0,0,2,31,18,0,0,0,0,0
PAL9798,97026,1998-01-31 00:00:00,54,0,0,1,4,28,19,2,0,0,0
PAL9798,97027,1998-01-31 00:00:00,83,0,0,1,18,46,17,1,0,0,0
PAL9798,97028,1998-01-31 00:00:00,55,0,0,1,13,29,11,1,0,0,0
PAL9798,97029,1998-01-31 00:00:00,73,0,0,1,13,32,20,7,0,0,0
PAL9798,97030,1998-01-31 00:00:00,92,0,1,1,24,48,16,2,0,0,0
PAL9798,97031,1998-02-05 00:00:00,75,0,0,1,16,39,18,1,0,0,0
PAL9798,97032,1998-02-05 00:00:00,97,0,0,0,4,61,28,3,1,0,0
PAL9798,97033,1998-02-05 00:00:00,79,0,0,1,18,33,21,6,0,0,0
PAL9798,97034,1998-02-05 00:00:00,88,0,0,0,24,48,14,2,0,0,0
PAL9798,97035,1998-02-05 00:00:00,88,0,2,4,24,42,12,2,2,0,0
PAL9798,97036,1998-02-10 00:00:00,76,0,0,0,1,25,43,7,0,0,0
PAL9798,97037,1998-02-10 00:00:00,54,0,1,0,15,29,9,0,0,0,0
PAL9798,97038,1998-02-10 00:00:00,12,0,0,1,1,7,3,0,0,0,0
PAL9798,97039,1998-02-10 00:00:00,67,0,0,0,7,30,29,1,0,0,0
PAL9798,97040,1998-02-10 00:00:00,74,0,0,2,11,32,18,9,2,0,0
PAL9798,97041,1998-02-15 00:00:00,75,0,2,1,15,37,17,3,0,0,0
PAL9798,97042,1998-02-15 00:00:00,93,0,0,1,19,43,25,5,0,0,0
PAL9798,97043,1998-02-15 00:00:00,68,0,0,4,16,30,16,2,0,0,0
PAL9798,97044,1998-02-15 00:00:00,82,0,1,2,10,39,24,6,0,0,0
PAL9798,97045,1998-02-15 00:00:00,55,0,0,0,7,30,18,0,0,0,0
PAL9798,97046,1998-02-20 00:00:00,101,0,0,0,8,41,42,9,1,0,0
PAL9798,97047,1998-02-20 00:00:00,81,0,0,1,28,27,23,2,0,0,0
PAL9798,97048,1998-02-20 00:00:00,67,0,0,0,13,28,22,4,0,0,0
PAL9798,97049,1998-02-20 00:00:00,110,0,0,2,16,43,41,8,0,0,0
PAL9798,97050,1998-02-20 00:00:00,80,0,1,0,13,32,31,3,0,0,0
PAL9899,98001,1999-01-06 00:00:00,53,1,0,1,15,23,10,2,1,0,0
PAL9899,98002,1999-01-06 00:00:00,63,0,0,2,20,26,12,3,0,0,0
PAL9899,98003,1999-01-06 00:00:00,47,0,1,0,15,23,8,0,0,0,0
PAL9899,98004,1999-01-06 00:00:00,84,0,0,1,10,25,37,9,2,0,0
PAL9899,98005,1999-01-06 00:00:00,47,0,0,0,11,25,10,1,0,0,0
PAL9899,98006,1999-01-11 00:00:00,50,0,0,0,10,23,17,0,0,0,0
PAL9899,98007,1999-01-11 00:00:00,86,0,0,4,24,40,17,1,0,0,0
PAL9899,98008,1999-01-11 00:00:00,86,0,0,3,16,36,21,10,0,0,0
PAL9899,98009,1999-01-11 00:00:00,50,0,0,0,9,31,8,2,0,0,0
PAL9899,98010,1999-01-11 00:00:00,64,0,0,0,2,25,31,5,1,0,0
PAL9899,98011,1999-01-16 00:00:00,72,0,0,1,13,32,20,6,0,0,0
PAL9899,98012,1999-01-16 00:00:00,46,0,0,0,9,14,21,2,0,0,0
PAL9899,98013,1999-01-16 00:00:00,47,0,0,3,7,20,16,1,0,0,0
PAL9899,98014,1999-01-16 00:00:00,82,0,0,0,2,22,36,19,3,0,0
PAL9899,98015,1999-01-16 00:00:00,81,0,0,1,18,27,31,4,0,0,0
PAL9899,98016,1999-01-21 00:00:00,37,0,0,0,6,11,18,2,0,0,0
PAL9899,98017,1999-01-21 00:00:00,53,0,0,0,2,19,26,6,0,0,0
PAL9899,98018,1999-01-21 00:00:00,64,0,0,1,17,30,14,2,0,0,0
PAL9899,98019,1999-01-21 00:00:00,52,0,0,0,3,20,21,7,1,0,0
PAL9899,98020,1999-01-21 00:00:00,52,0,0,0,4,22,21,3,2,0,0
PAL9899,98021,1999-01-26 00:00:00,74,0,0,1,5,24,38,6,0,0,0
PAL9899,98022,1999-01-26 00:00:00,58,0,0,0,3,21,28,5,1,0,0
PAL9899,98023,1999-01-26 00:00:00,62,0,0,1,5,21,30,5,0,0,0
PAL9899,98024,1999-01-26 00:00:00,50,0,0,0,2,27,20,1,0,0,0
PAL9899,98025,1999-01-26 00:00:00,50,0,0,1,3,19,25,2,0,0,0
PAL9899,98026,1999-02-01 00:00:00,54,0,0,0,2,7,31,14,0,0,0
PAL9899,98027,1999-02-01 00:00:00,65,0,0,0,4,24,32,5,0,0,0
PAL9899,98028,1999-02-01 00:00:00,83,0,0,1,5,42,30,5,0,0,0
PAL9899,98029,1999-02-01 00:00:00,72,0,0,0,6,18,38,10,0,0,0
PAL9899,98030,1999-02-01 00:00:00,64,0,0,0,0,15,38,11,0,0,0
PAL9899,98031,1999-02-05 00:00:00,50,0,0,0,1,16,25,6,2,0,0
PAL9899,98032,1999-02-05 00:00:00,78,0,0,0,3,28,34,13,0,0,0
PAL9899,98033,1999-02-05 00:00:00,86,0,0,0,6,37,32,11,0,0,0
PAL9899,98034,1999-02-05 00:00:00,83,0,0,0,0,11,49,22,1,0,0
PAL9899,98035,1999-02-05 00:00:00,59,0,0,0,2,21,25,8,3,0,0
PAL9899,98036,1999-02-11 00:00:00,87,0,0,0,0,13,42,30,2,0,0
PAL9899,98037,1999-02-11 00:00:00,50,0,0,0,0,11,22,17,0,0,0
PAL9899,98038,1999-02-11 00:00:00,74,0,0,0,4,14,36,19,1,0,0
PAL9899,98039,1999-02-11 00:00:00,50,0,0,0,0,7,23,19,1,0,0
PAL9899,98040,1999-02-11 00:00:00,50,0,0,0,0,17,19,14,0,0,0
PAL9899,98041,1999-02-16 00:00:00,52,0,0,0,0,11,28,11,2,0,0
PAL9899,98042,1999-02-16 00:00:00,55,0,0,0,0,15,27,13,0,0,0
PAL9899,98043,1999-02-16 00:00:00,72,0,0,0,0,17,33,22,0,0,0
PAL9899,98044,1999-02-16 00:00:00,51,0,0,0,1,11,21,17,1,0,0
PAL9899,98045,1999-02-16 00:00:00,69,0,0,0,0,8,28,33,0,0,0
PAL9900,99001,2000-01-09 00:00:00,50,0,0,0,0,5,16,27,2,0,0
PAL9900,99002,2000-01-09 00:00:00,29,0,0,0,0,1,8,17,2,1,0
PAL9900,99003,2000-01-09 00:00:00,86,0,0,0,1,13,27,36,9,0,0
PAL9900,99004,2000-01-09 00:00:00,60,0,0,0,3,5,26,26,0,0,0
PAL9900,99005,2000-01-09 00:00:00,53,0,0,1,2,6,16,22,6,0,0
PAL9900,99006,2000-01-13 00:00:00,6,0,0,0,0,0,2,4,0,0,0
PAL9900,99007,2000-01-13 00:00:00,63,0,0,0,0,3,17,28,13,2,0
PAL9900,99008,2000-01-13 00:00:00,50,0,0,0,1,8,24,15,2,0,0
PAL9900,99009,2000-01-13 00:00:00,50,0,1,2,1,2,16,20,8,0,0
PAL9900,99010,2000-01-13 00:00:00,84,0,1,2,1,2,10,44,22,2,0
PAL9900,99011,2000-01-18 00:00:00,46,0,0,0,1,0,4,15,19,7,0
PAL9900,99012,2000-01-18 00:00:00,71,0,0,0,0,1,18,30,18,4,0
PAL9900,99013,2000-01-18 00:00:00,79,0,0,1,1,2,12,43,19,1,0
PAL9900,99014,2000-01-18 00:00:00,82,0,0,11,9,7,23,21,10,1,0
PAL9900,99015,2000-01-18 00:00:00,71,0,0,0,1,0,0,35,30,5,0
PAL9900,99016,2000-01-25 00:00:00,76,0,0,0,0,2,22,41,11,0,0
PAL9900,99017,2000-01-25 00:00:00,76,0,0,1,1,3,33,31,7,0,0
PAL9900,99018,2000-01-25 00:00:00,60,0,0,3,2,2,12,25,15,1,0
PAL9900,99019,2000-01-25 00:00:00,39,0,0,0,1,5,13,19,1,0,0
PAL9900,99020,2000-01-25 00:00:00,39,0,0,0,1,0,14,18,6,0,0
PAL9900,99021,2000-01-29 00:00:00,93,0,0,4,6,12,51,17,3,0,0
PAL9900,99022,2000-01-29 00:00:00,88,0,0,1,4,11,53,18,1,0,0
PAL9900,99023,2000-01-29 00:00:00,72,0,1,1,3,3,15,37,11,1,0
PAL9900,99024,2000-01-29 00:00:00,50,0,0,1,1,1,20,19,8,0,0
PAL9900,99025,2000-01-29 00:00:00,58,0,0,0,1,1,8,33,15,0,0
PAL9900,99026,2000-02-04 00:00:00,53,0,0,0,4,3,11,19,15,1,0
PAL9900,99027,2000-02-04 00:00:00,80,0,0,0,2,9,33,35,1,0,0
PAL9900,99028,2000-02-04 00:00:00,93,0,0,0,1,5,9,46,30,2,0
PAL9900,99029,2000-02-04 00:00:00,50,0,0,0,0,5,14,26,5,0,0
PAL9900,99030,2000-02-04 00:00:00,57,0,0,0,0,1,10,29,17,0,0
PAL9900,99031,2000-02-07 00:00:00,50,0,0,0,0,8,24,14,4,0,0
PAL9900,99032,2000-02-07 00:00:00,51,0,0,1,0,1,25,22,2,0,0
PAL9900,99033,2000-02-07 00:00:00,100,0,1,1,3,7,29,44,14,1,0
PAL9900,99034,2000-02-07 00:00:00,50,0,0,0,1,4,23,16,6,0,0
PAL9900,99035,2000-02-07 00:00:00,86,0,0,1,10,4,23,31,17,0,0
PAL9900,99036,2000-02-11 00:00:00,75,0,0,1,2,12,29,22,9,0,0
PAL9900,99037,2000-02-11 00:00:00,32,0,0,0,3,2,12,12,3,0,0
PAL9900,99038,2000-02-11 00:00:00,48,0,0,0,1,4,14,22,7,0,0
PAL9900,99039,2000-02-11 00:00:00,38,0,0,0,0,5,12,11,10,0,0
PAL9900,99040,2000-02-11 00:00:00,50,0,0,0,0,7,22,17,2,2,0
PAL0001,1,2000-12-27 00:00:00,50,2,22,5,3,1,1,8,7,1,0
PAL0001,2,2000-12-27 00:00:00,33,0,0,0,0,1,1,12,17,2,0
PAL0001,3,2000-12-27 00:00:00,50,1,10,3,3,0,3,14,14,2,0
PAL0001,4,2000-12-27 00:00:00,37,0,2,1,1,0,6,15,12,0,0
PAL0001,5,2000-12-27 00:00:00,54,3,11,2,2,0,4,13,17,2,0
PAL0001,6,2001-01-09 00:00:00,58,0,1,7,21,5,0,11,11,2,0
PAL0001,7,2001-01-09 00:00:00,76,0,2,7,12,1,7,30,13,4,0
PAL0001,8,2001-01-09 00:00:00,51,0,1,8,15,4,2,6,13,2,0
PAL0001,9,2001-01-09 00:00:00,51,0,0,7,14,3,2,9,12,3,1
PAL0001,10,2001-01-09 00:00:00,52,1,0,9,9,3,3,8,12,7,0
PAL0001,11,2001-01-12 00:00:00,50,0,0,0,0,0,2,17,22,9,0
PAL0001,12,2001-01-12 00:00:00,14,0,0,0,0,0,2,8,4,0,0
PAL0001,13,2001-01-12 00:00:00,74,0,0,0,0,0,3,28,38,5,0
PAL0001,14,2001-01-12 00:00:00,51,0,0,10,9,4,1,12,11,4,0
PAL0001,15,2001-01-12 00:00:00,51,0,0,0,0,0,0,18,25,7,1
PAL0001,16,2001-01-18 00:00:00,53,0,0,0,0,1,1,21,24,6,0
PAL0001,17,2001-01-18 00:00:00,52,0,0,1,8,3,7,14,17,2,0
PAL0001,18,2001-01-18 00:00:00,61,0,0,1,3,4,4,20,23,6,0
PAL0001,19,2001-01-18 00:00:00,54,0,0,1,13,6,1,8,14,10,1
PAL0001,20,2001-01-18 00:00:00,56,0,0,3,10,9,2,15,16,1,0
PAL0001,21,2001-01-24 00:00:00,80,0,0,5,40,5,4,8,13,4,1
PAL0001,22,2001-01-24 00:00:00,52,0,0,0,0,1,7,11,24,8,1
PAL0001,23,2001-01-24 00:00:00,51,0,0,0,0,3,2,18,23,5,0
PAL0001,24,2001-01-24 00:00:00,82,0,0,0,0,0,7,20,47,8,0
PAL0001,25,2001-01-24 00:00:00,74,0,0,0,1,0,2,29,30,12,0
PAL0001,26,2001-01-30 00:00:00,51,0,0,0,0,0,2,20,24,5,0
PAL0001,27,2001-01-30 00:00:00,33,1,5,1,1,0,0,11,12,2,0
PAL0001,28,2001-01-30 00:00:00,52,0,0,0,0,0,1,15,21,15,0
PAL0001,29,2001-01-30 00:00:00,11,0,0,0,0,0,0,2,6,3,0
PAL0001,30,2001-01-30 00:00:00,45,0,0,0,1,0,6,14,20,4,0
PAL0001,31,2001-02-03 00:00:00,9,0,1,1,0,0,0,0,7,0,0
PAL0001,32,2001-02-03 00:00:00,50,1,5,0,0,3,4,21,16,0,0
PAL0001,33,2001-02-03 00:00:00,26,0,0,0,1,1,1,6,17,0,0
PAL0001,34,2001-02-03 00:00:00,22,0,0,0,0,0,1,14,7,0,0
PAL0001,35,2001-02-03 00:00:00,47,0,2,7,10,1,6,15,6,0,0
PAL0001,36,2001-02-10 00:00:00,52,0,0,0,7,6,1,11,25,2,0
PAL0001,37,2001-02-10 00:00:00,50,0,0,0,2,4,0,23,14,7,0
PAL0001,38,2001-02-10 00:00:00,69,0,0,0,3,3,2,22,36,2,1
PAL0001,39,2001-02-10 00:00:00,86,0,1,4,19,47,14,0,0,1,0
PAL0001,40,2001-02-10 00:00:00,38,0,0,0,1,0,1,15,15,6,0
PAL0001,41,2001-02-15 00:00:00,107,0,0,0,9,11,13,31,33,10,0
PAL0001,42,2001-02-15 00:00:00,53,0,0,0,4,1,0,15,25,7,1
PAL0001,43,2001-02-15 00:00:00,63,0,0,0,1,0,3,25,27,7,0
PAL0001,44,2001-02-15 00:00:00,50,0,0,0,0,0,1,23,21,5,0
PAL0001,45,2001-02-15 00:00:00,55,0,0,0,3,6,5,18,18,5,0
PAL0102,1001,2001-12-05 00:00:00,12,0,4,3,0,1,4,0,0,0,0
PAL0102,1002,2001-12-05 00:00:00,50,20,15,2,2,2,0,0,5,4,0
PAL0102,1003,2001-12-05 00:00:00,0,0,0,0,0,0,0,0,0,0,0
PAL0102,1004,2001-12-05 00:00:00,3,0,0,1,0,1,1,0,0,0,0
PAL0102,1005,2001-12-28 00:00:00,51,0,0,1,4,18,16,9,3,0,0
PAL0102,1006,2001-12-28 00:00:00,46,0,0,0,1,9,10,11,14,1,0
PAL0102,1007,2001-12-28 00:00:00,47,0,3,3,1,12,14,6,7,1,0
PAL0102,1008,2001-12-28 00:00:00,4,0,0,0,0,0,1,1,2,0,0
PAL0102,1009,2001-12-28 00:00:00,40,0,0,0,0,5,22,10,3,0,0
PAL0102,1010,2002-01-07 00:00:00,0,0,0,0,0,0,0,0,0,0,0
PAL0102,1011,2002-01-07 00:00:00,29,0,0,1,2,17,5,2,2,0,0
PAL0102,1012,2002-01-07 00:00:00,50,0,2,6,16,15,11,0,0,0,0
PAL0102,1013,2002-01-07 00:00:00,55,1,4,14,4,22,3,3,4,0,0
PAL0102,1014,2002-01-07 00:00:00,20,0,0,1,5,10,4,0,0,0,0
PAL0102,1015,2002-01-15 00:00:00,36,0,0,3,16,8,5,2,2,0,0
PAL0102,1016,2002-01-15 00:00:00,51,0,0,0,4,26,16,3,2,0,0
PAL0102,1017,2002-01-15 00:00:00,60,0,0,0,1,2,5,32,19,1,0
PAL0102,1018,2002-01-15 00:00:00,50,0,0,1,5,7,16,6,8,7,0
PAL0102,1019,2002-01-15 00:00:00,121,0,0,3,23,53,25,12,5,0,0
PAL0102,1020,2002-01-21 00:00:00,59,0,0,1,3,4,11,22,16,2,0
PAL0102,1021,2002-01-21 00:00:00,29,0,0,2,2,5,2,9,4,5,0
PAL0102,1022,2002-01-21 00:00:00,50,0,0,0,1,4,5,14,22,4,0
PAL0102,1023,2002-01-21 00:00:00,43,0,0,2,7,12,7,5,7,2,1
PAL0102,1024,2002-01-21 00:00:00,25,0,2,3,9,7,0,0,3,1,0
PAL0102,1025,2002-01-31 00:00:00,112,0,2,2,16,53,17,10,11,1,0
PAL0102,1026,2002-01-31 00:00:00,45,0,0,0,0,2,7,18,14,4,0
PAL0102,1027,2002-01-31 00:00:00,54,0,0,1,5,20,10,13,3,2,0
PAL0102,1028,2002-01-31 00:00:00,20,0,3,1,0,4,0,4,6,2,0
PAL0102,1029,2002-01-31 00:00:00,52,0,0,0,2,8,4,9,22,7,0
PAL0102,1030,2002-02-09 00:00:00,7,0,0,0,1,1,1,0,4,0,0
PAL0102,1031,2002-02-09 00:00:00,56,0,0,4,6,3,3,16,18,6,0
PAL0102,1032,2002-02-09 00:00:00,57,0,2,2,5,11,10,17,9,1,0
PAL0102,1033,2002-02-09 00:00:00,43,0,0,0,9,23,10,1,0,0,0
PAL0102,1034,2002-02-09 00:00:00,60,0,1,6,24,17,7,2,3,0,0
PAL0102,1035,2002-02-22 00:00:00,58,0,1,6,19,25,5,2,0,0,0
PAL0102,1036,2002-02-22 00:00:00,0,0,0,0,0,0,0,0,0,0,0
PAL0102,1037,2002-02-22 00:00:00,85,0,0,2,13,32,28,10,0,0,0
PAL0203,2001,2002-12-10 00:00:00,50,0,2,3,26,18,1,0,0,0,0
PAL0203,2002,2002-12-10 00:00:00,67,0,0,8,31,23,5,0,0,0,0
PAL0203,2003,2002-12-10 00:00:00,50,1,1,7,23,16,2,0,0,0,0
PAL0203,2004,2002-12-10 00:00:00,50,0,0,3,33,12,2,0,0,0,0
PAL0203,2005,2002-12-10 00:00:00,57,0,1,14,30,10,2,0,0,0,0
PAL0203,2006,2002-12-22 00:00:00,61,0,1,2,28,26,3,1,0,0,0
PAL0203,2007,2002-12-22 00:00:00,0,0,0,0,0,0,0,0,0,0,0
PAL0203,2008,2002-12-22 00:00:00,50,0,4,4,30,10,1,1,0,0,0
PAL0203,2009,2002-12-22 00:00:00,50,0,0,1,24,16,5,4,0,0,0
PAL0203,2010,2002-12-22 00:00:00,51,0,0,9,29,13,0,0,0,0,0
PAL0203,2011,2002-12-29 00:00:00,53,0,3,4,15,22,6,1,2,0,0
PAL0203,2012,2002-12-29 00:00:00,50,0,1,8,34,7,0,0,0,0,0
PAL0203,2013,2002-12-29 00:00:00,29,7,2,7,13,0,0,0,0,0,0
PAL0203,2014,2002-12-29 00:00:00,50,0,1,7,24,16,2,0,0,0,0
PAL0203,2015,2002-12-29 00:00:00,52,0,1,14,23,11,1,2,0,0,0
PAL0203,2016,2003-01-05 00:00:00,14,0,2,2,6,2,1,1,0,0,0
PAL0203,2017,2003-01-05 00:00:00,51,0,0,1,28,19,3,0,0,0,0
PAL0203,2018,2003-01-05 00:00:00,73,1,6,7,3,8,24,18,6,0,0
PAL0203,2019,2003-01-05 00:00:00,56,0,1,8,40,7,0,0,0,0,0
PAL0203,2020,2003-01-05 00:00:00,77,0,2,12,53,10,0,0,0,0,0
PAL0203,2021,2003-01-15 00:00:00,79,0,1,10,48,16,4,0,0,0,0
PAL0203,2022,2003-01-15 00:00:00,117,1,2,7,35,39,22,7,4,0,0
PAL0203,2023,2003-01-15 00:00:00,90,0,5,14,33,25,13,0,0,0,0
PAL0203,2024,2003-01-15 00:00:00,138,0,0,3,23,36,44,19,13,0,0
PAL0203,2025,2003-01-27 00:00:00,79,0,3,5,25,33,11,2,0,0,0
PAL0203,2026,2003-01-27 00:00:00,88,0,2,5,43,33,5,0,0,0,0
PAL0203,2027,2003-01-27 00:00:00,126,0,12,29,55,25,5,0,0,0,0
PAL0203,2028,2003-01-27 00:00:00,94,0,0,3,42,44,4,1,0,0,0
PAL0203,2029,2003-01-27 00:00:00,51,0,0,2,31,14,3,1,0,0,0
PAL0203,2030,2003-02-10 00:00:00,131,0,0,24,35,40,25,7,0,0,0
PAL0203,2031,2003-02-10 00:00:00,93,0,1,1,12,30,41,8,0,0,0
PAL0203,2032,2003-02-10 00:00:00,53,0,0,1,3,14,24,11,0,0,0
PAL0203,2033,2003-02-10 00:00:00,75,0,0,0,3,23,30,18,1,0,0
PAL0304,3001,2004-01-15 00:00:00,56,0,0,0,9,30,14,3,0,0,0
PAL0304,3002,2004-01-15 00:00:00,56,0,0,1,17,24,13,1,0,0,0
PAL0304,3003,2004-01-15 00:00:00,60,0,0,0,6,26,22,6,0,0,0
PAL0304,3004,2004-01-15 00:00:00,54,0,0,0,21,23,9,1,0,0,0
PAL0304,3005,2004-01-15 00:00:00,64,0,0,0,10,33,19,2,0,0,0
PAL0304,3006,2004-01-25 00:00:00,68,0,0,0,3,33,24,6,2,0,0
PAL0304,3007,2004-01-25 00:00:00,55,0,0,1,9,31,13,1,0,0,0
PAL0304,3008,2004-01-25 00:00:00,62,0,0,3,26,29,4,0,0,0,0
PAL0304,3009,2004-01-25 00:00:00,56,0,0,0,6,23,23,4,0,0,0
PAL0304,3010,2004-01-25 00:00:00,51,0,0,0,11,28,12,0,0,0,0
PAL0304,3011,2004-02-05 00:00:00,61,0,0,1,4,27,22,7,0,0,0
PAL0304,3012,2004-02-05 00:00:00,29,0,0,0,8,8,9,4,0,0,0
PAL0304,3013,2004-02-05 00:00:00,9,0,0,0,0,4,1,4,0,0,0
PAL0304,3014,2004-02-05 00:00:00,54,0,0,1,4,21,15,10,3,0,0
PAL0304,3015,2004-02-05 00:00:00,24,0,0,0,2,5,10,7,0,0,0
PAL0405,4001,2005-01-12 00:00:00,50,0,0,0,0,2,23,24,1,0,0
PAL0405,4002,2005-01-12 00:00:00,63,0,0,1,0,5,12,39,6,0,0
PAL0405,4003,2005-01-12 00:00:00,67,0,1,0,0,7,42,17,0,0,0
PAL0405,4004,2005-01-12 00:00:00,51,0,0,0,0,7,28,14,2,0,0
PAL0405,4005,2005-01-12 00:00:00,51,0,0,0,0,4,25,22,0,0,0
PAL0405,4006,2005-01-21 00:00:00,53,0,0,0,0,0,28,25,0,0,0
PAL0405,4007,2005-01-21 00:00:00,34,0,0,1,0,1,24,7,1,0,0
PAL0405,4008,2005-01-21 00:00:00,52,0,0,0,0,1,13,29,8,1,0
PAL0405,4009,2005-01-21 00:00:00,51,0,0,0,1,3,33,14,0,0,0
PAL0405,4010,2005-01-21 00:00:00,42,0,0,0,2,3,24,11,2,0,0
PAL0405,4011,2005-02-01 00:00:00,43,0,0,1,4,5,22,11,0,0,0
PAL0405,4012,2005-02-01 00:00:00,27,0,1,0,1,7,15,3,0,0,0
PAL0405,4013,2005-02-01 00:00:00,59,0,0,0,0,6,34,17,2,0,0
PAL0405,4014,2005-02-01 00:00:00,56,0,0,0,0,6,22,25,3,0,0
PAL0405,4015,2005-02-01 00:00:00,52,0,1,0,0,2,26,21,2,0,0
PAL0506,5001,2005-12-27 00:00:00,0,0,0,0,0,0,0,0,0,0,0
PAL0506,5002,2005-12-27 00:00:00,6,0,0,0,0,0,0,3,3,0,0
PAL0506,5003,2005-12-27 00:00:00,50,0,0,0,0,0,8,29,13,0,0
PAL0506,5004,2005-12-27 00:00:00,50,0,0,0,0,1,14,30,5,0,0
PAL0506,5005,2005-12-27 00:00:00,51,0,0,0,0,1,6,33,11,0,0
PAL0506,5006,2005-12-27 00:00:00,50,0,0,0,0,0,5,28,17,0,0
PAL0506,5007,2006-01-11 00:00:00,50,0,0,0,0,0,7,27,16,0,0
PAL0506,5008,2006-01-11 00:00:00,50,0,0,0,0,0,3,14,26,7,0
PAL0506,5009,2006-01-11 00:00:00,0,0,0,0,0,0,0,0,0,0,0
PAL0506,5010,2006-01-11 00:00:00,75,0,4,0,3,5,10,30,20,3,0
PAL0506,5011,2006-01-11 00:00:00,54,0,0,0,0,2,10,18,23,1,0
PAL0506,5012,2006-01-25 00:00:00,0,0,0,0,0,0,0,0,0,0,0
PAL0506,5013,2006-01-25 00:00:00,0,0,0,0,0,0,0,0,0,0,0
PAL0506,5014,2006-01-30 00:00:00,73,0,0,0,0,1,9,27,31,5,0
PAL0506,5015,2006-01-30 00:00:00,73,0,0,0,1,1,8,34,26,3,0
PAL0607,6001,2007-01-06 00:00:00,40,0,5,9,1,4,10,10,1,0,0
PAL0607,6002,2007-01-06 00:00:00,50,0,14,9,3,2,10,8,4,0,0
PAL0607,6003,2007-01-06 00:00:00,50,1,12,14,4,9,10,0,0,0,0
PAL0607,6004,2007-01-06 00:00:00,51,2,18,24,5,0,1,0,1,0,0
PAL0607,6005,2007-01-06 00:00:00,44,0,0,0,0,6,11,19,7,1,0
PAL0607,6006,2007-01-13 00:00:00,50,1,0,12,10,12,9,4,2,0,0
PAL0607,6007,2007-01-13 00:00:00,50,0,4,23,4,3,10,3,3,0,0
PAL0607,6008,2007-01-13 00:00:00,56,1,9,9,2,6,13,13,3,0,0
PAL0607,6009,2007-01-13 00:00:00,50,0,0,3,0,4,29,13,1,0,0
PAL0607,6010,2007-01-13 00:00:00,52,0,3,18,2,4,23,2,0,0,0
PAL0607,6011,2007-01-19 00:00:00,50,0,0,0,2,2,11,27,6,2,0
PAL0607,6012,2007-01-19 00:00:00,51,0,0,4,5,6,22,7,6,1,0
PAL0607,6013,2007-01-19 00:00:00,51,0,1,8,13,6,11,11,1,0,0
PAL0607,6014,2007-01-19 00:00:00,50,0,2,11,14,7,13,2,0,1,0
PAL0607,6015,2007-01-19 00:00:00,52,0,0,12,13,5,13,9,0,0,0
PAL0607,6016,2007-01-26 00:00:00,56,0,1,23,16,3,3,6,4,0,0
PAL0607,6017,2007-01-26 00:00:00,50,0,0,1,1,1,8,20,15,4,0
PAL0607,6018,2007-01-26 00:00:00,58,0,0,0,0,0,1,19,28,10,0
PAL0607,6019,2007-01-26 00:00:00,52,0,2,11,7,1,6,9,16,0,0
PAL0607,6020,2007-01-26 00:00:00,50,0,1,11,11,7,13,7,0,0,0
PAL0607,6021,2007-02-02 00:00:00,56,0,1,26,21,2,1,1,2,2,0
PAL0607,6022,2007-02-02 00:00:00,51,0,0,11,6,1,2,19,11,1,0
PAL0607,6023,2007-02-02 00:00:00,51,0,0,2,21,5,7,8,5,3,0
PAL0607,6024,2007-02-02 00:00:00,50,0,1,6,2,1,9,11,17,3,0
PAL0607,6025,2007-02-02 00:00:00,50,0,2,5,13,7,5,9,8,1,0
PAL0708,7001,2008-01-04 00:00:00,50,0,0,1,12,20,14,3,0,0,0
PAL0708,7002,2008-01-04 00:00:00,50,0,0,0,3,6,20,13,7,1,0
PAL0708,7003,2008-01-04 00:00:00,50,0,1,1,8,19,13,8,0,0,0
PAL0708,7004,2008-01-04 00:00:00,48,0,0,0,6,20,13,7,2,0,0
PAL0708,7005,2008-01-04 00:00:00,50,0,0,0,9,14,18,4,4,1,0
PAL0708,7006,2008-01-11 00:00:00,52,0,0,1,18,31,1,1,0,0,0
PAL0708,7007,2008-01-11 00:00:00,50,0,2,0,13,28,7,0,0,0,0
PAL0708,7008,2008-01-11 00:00:00,51,0,2,4,35,4,6,0,0,0,0
PAL0708,7009,2008-01-11 00:00:00,50,0,1,0,9,26,12,1,1,0,0
PAL0708,7010,2008-01-11 00:00:00,53,0,1,4,25,21,1,1,0,0,0
PAL0708,7011,2008-01-18 00:00:00,50,0,2,2,24,19,3,0,0,0,0
PAL0708,7012,2008-01-18 00:00:00,44,0,0,0,4,6,11,15,8,0,0
PAL0708,7013,2008-01-18 00:00:00,50,0,3,0,12,33,2,0,0,0,0
PAL0708,7014,2008-01-18 00:00:00,51,0,1,4,22,20,4,0,0,0,0
PAL0708,7015,2008-01-18 00:00:00,44,0,0,1,3,16,16,6,1,0,1
PAL0708,7016,2008-01-27 00:00:00,52,0,10,10,9,12,8,3,0,0,0
PAL0708,7017,2008-01-27 00:00:00,50,0,1,3,1,12,26,6,1,0,0
PAL0708,7018,2008-01-27 00:00:00,50,0,2,1,8,25,9,3,2,0,0
PAL0708,7019,2008-01-27 00:00:00,51,0,0,2,8,20,13,7,1,0,0
PAL0708,7020,2008-01-27 00:00:00,50,0,3,0,7,20,15,2,1,2,0
PAL0708,7021,2008-02-02 00:00:00,50,0,2,12,11,13,11,1,0,0,0
PAL0708,7022,2008-02-02 00:00:00,50,0,2,9,6,24,8,1,0,0,0
PAL0708,7023,2008-02-02 00:00:00,51,0,0,9,10,22,10,0,0,0,0
PAL0708,7024,2008-02-02 00:00:00,50,0,0,1,4,19,20,6,0,0,0
PAL0708,7025,2008-02-02 00:00:00,58,1,4,9,5,20,14,5,0,0,0
PAL0809,8001,2009-01-07 00:00:00,50,0,0,6,20,18,4,1,1,0,0
PAL0809,8002,2009-01-07 00:00:00,50,0,0,3,8,15,15,6,3,0,0
PAL0809,8003,2009-01-19 00:00:00,50,0,0,2,8,24,9,5,2,0,0
PAL0809,8004,2009-01-19 00:00:00,3,0,0,1,1,1,0,0,0,0,0
PAL0809,8005,2009-01-19 00:00:00,50,0,0,0,5,16,6,10,12,1,0
PAL0809,8006,2009-01-19 00:00:00,52,0,0,1,17,11,5,6,8,4,0
PAL0809,8007,2009-01-19 00:00:00,50,0,0,7,13,19,7,1,3,0,0
PAL0809,8008,2009-01-26 00:00:00,12,0,0,1,1,2,5,2,1,0,0
PAL0809,8009,2009-01-26 00:00:00,10,0,0,0,1,4,3,2,0,0,0
PAL0809,8010,2009-01-26 00:00:00,6,0,0,2,3,0,1,0,0,0,0
PAL0809,8011,2009-01-26 00:00:00,40,2,1,5,6,9,12,5,0,0,0
PAL0809,8012,2009-01-26 00:00:00,24,0,0,0,2,6,10,6,0,0,0
PAL0809,8013,2009-02-02 00:00:00,34,0,0,0,7,16,6,3,2,0,0
PAL0809,8014,2009-02-02 00:00:00,40,0,0,0,2,7,10,15,5,1,0
PAL0809,8015,2009-02-02 00:00:00,50,0,0,0,5,14,6,14,10,1,0
PAL0809,8016,2009-02-02 00:00:00,41,0,0,0,1,5,8,18,9,0,0
PAL0809,8017,2009-02-02 00:00:00,49,0,0,0,2,20,11,13,3,0,0
PAL0910,9001,2010-01-03 00:00:00,22,0,0,0,1,4,6,11,0,0,0
PAL0910,9002,2010-01-03 00:00:00,35,0,0,0,1,3,17,14,0,0,0
PAL0910,9003,2010-01-03 00:00:00,26,0,0,0,0,5,11,9,1,0,0
PAL0910,9004,2010-01-12 00:00:00,72,0,3,13,18,8,10,15,5,0,0
PAL0910,9005,2010-01-12 00:00:00,40,0,0,0,0,1,18,17,4,0,0
PAL0910,9006,2010-01-12 00:00:00,79,0,0,2,4,9,26,35,3,0,0
PAL0910,9007,2010-01-12 00:00:00,41,0,0,1,0,4,14,16,6,0,0
PAL0910,9008,2010-01-12 00:00:00,88,0,5,37,24,1,8,11,2,0,0
PAL0910,9009,2010-01-19 00:00:00,88,0,0,1,3,1,19,51,13,0,0
PAL0910,9010,2010-01-19 00:00:00,45,0,0,0,0,0,7,28,10,0,0
PAL0910,9011,2010-01-19 00:00:00,47,0,0,0,1,3,15,23,5,0,0
PAL0910,9012,2010-01-19 00:00:00,56,0,0,0,0,2,12,39,3,0,0
PAL0910,9013,2010-01-19 00:00:00,53,0,0,0,0,1,14,25,12,1,0
PAL0910,9014,2010-01-26 00:00:00,52,0,0,0,4,0,17,23,8,0,0
PAL0910,9015,2010-01-26 00:00:00,29,0,0,1,2,0,8,14,4,0,0
PAL0910,9016,2010-01-26 00:00:00,37,0,1,0,1,2,10,15,8,0,0
PAL0910,9017,2010-01-26 00:00:00,29,0,0,6,5,4,3,9,2,0,0
PAL0910,9018,2010-01-26 00:00:00,115,0,0,3,24,12,7,40,26,3,0
PAL0910,9019,2010-02-04 00:00:00,14,0,1,3,4,1,1,3,1,0,0
PAL0910,9020,2010-02-04 00:00:00,75,0,0,2,9,6,28,25,5,0,0
PAL0910,9021,2010-02-04 00:00:00,99,0,1,4,16,10,11,39,18,0,0
PAL0910,9022,2010-02-04 00:00:00,85,0,0,0,4,4,19,44,13,1,0
PAL0910,9023,2010-02-04 00:00:00,35,0,0,3,11,2,0,14,5,0,0
PAL1011,10001,2011-01-01 00:00:00,24,1,9,9,0,1,4,0,0,0,0
PAL1011,10002,2011-01-01 00:00:00,1,0,0,0,0,0,0,0,0,1,0
PAL1011,10003,2011-01-01 00:00:00,4,0,0,0,0,0,1,2,1,0,0
PAL1011,10004,2011-01-01 00:00:00,7,0,0,0,0,0,3,1,3,0,0
PAL1011,10005,2011-01-01 00:00:00,54,0,0,0,0,0,5,15,22,12,0
PAL1011,10006,2011-01-07 00:00:00,1,0,0,0,0,0,0,0,1,0,0
PAL1011,10007,2011-01-07 00:00:00,60,0,0,0,0,0,2,13,36,9,0
PAL1011,10008,2011-01-07 00:00:00,4,0,0,0,0,0,1,1,2,0,0
PAL1011,10009,2011-01-07 00:00:00,82,0,5,31,26,4,2,8,5,1,0
PAL1011,10010,2011-01-07 00:00:00,65,2,12,17,5,0,10,9,9,1,0
PAL1011,10011,2011-01-15 00:00:00,94,0,6,52,34,1,0,1,0,0,0
PAL1011,10012,2011-01-15 00:00:00,104,0,5,21,65,4,3,1,4,1,0
PAL1011,10013,2011-01-15 00:00:00,49,0,0,0,0,0,5,23,15,6,0
PAL1011,10014,2011-01-15 00:00:00,55,0,4,13,11,4,6,13,4,0,0
PAL1011,10015,2011-01-15 00:00:00,102,0,6,17,10,0,5,31,32,1,0
PAL1011,10016,2011-01-21 00:00:00,46,0,0,17,19,4,2,2,2,0,0
PAL1011,10017,2011-01-21 00:00:00,33,0,0,2,5,4,1,8,12,1,0
PAL1011,10018,2011-01-21 00:00:00,95,0,2,35,44,6,2,3,2,1,0
PAL1011,10019,2011-01-21 00:00:00,56,0,5,25,19,3,0,4,0,0,0
PAL1011,10020,2011-01-21 00:00:00,53,0,0,3,10,3,4,14,15,4,0
PAL1011,10021,2011-01-27 00:00:00,95,0,0,0,1,0,3,46,41,4,0
PAL1011,10022,2011-01-27 00:00:00,10,0,1,0,0,0,0,4,5,0,0
PAL1011,10023,2011-01-27 00:00:00,29,0,0,0,1,1,2,12,8,5,0
PAL1011,10024,2011-01-27 00:00:00,84,0,0,9,42,7,1,17,7,1,0
PAL1011,10025,2011-01-27 00:00:00,29,0,0,0,0,1,3,14,11,0,0
PAL1112,11001,2012-01-08 00:00:00,46,0,0,0,5,29,12,0,0,0,0
PAL1112,11002,2012-01-08 00:00:00,80,0,0,1,0,26,25,13,12,3,0
PAL1112,11003,2012-01-08 00:00:00,22,0,0,0,0,3,16,1,2,0,0
PAL1112,11004,2012-01-08 00:00:00,70,0,1,0,6,28,28,6,1,0,0
PAL1112,11005,2012-01-08 00:00:00,52,0,0,0,1,6,29,14,1,1,0
PAL1112,11006,1/19/2012,36,0,0,2,6,15,12,1,0,0,0
PAL1112,11007,1/19/2012,68,0,0,0,5,24,32,7,0,0,0
PAL1112,11008,1/19/2012,61,0,2,1,8,27,22,1,0,0,0
PAL1112,11009,1/19/2012,55,1,2,0,8,18,20,5,1,0,0
PAL1112,11010,1/19/2012,80,25,39,4,6,3,2,1,0,0,0
PAL1112,11011,1/26/2012,77,0,0,0,3,28,38,8,0,0,0
PAL1112,11012,1/26/2012,96,38,41,4,0,5,8,0,0,0,0
PAL1112,11013,1/26/2012,105,2,1,7,22,42,27,4,0,0,0
PAL1112,11014,1/26/2012,51,0,5,3,4,19,14,4,2,0,0
PAL1112,11015,1/26/2012,44,1,2,3,1,22,14,1,0,0,0
PAL1213,12001,2013-01-03 00:00:00,93,0,1,40,41,9,2,0,0,0,0
PAL1213,12002,2013-01-03 00:00:00,75,0,1,26,43,3,2,0,0,0,0
PAL1213,12003,2013-01-03 00:00:00,57,0,1,11,39,5,1,0,0,0,0
PAL1213,12004,2013-01-03 00:00:00,69,0,2,21,41,4,1,0,0,0,0
PAL1213,12005,2013-01-03 00:00:00,0,0,0,0,0,0,0,0,0,0,0
PAL1213,12006,1/9/2013,101,0,2,39,50,8,0,2,0,0,0
PAL1213,12007,1/9/2013,51,0,0,23,24,1,2,1,0,0,0
PAL1213,12008,1/9/2013,72,1,1,24,35,10,1,0,0,0,0
PAL1213,12009,1/9/2013,66,0,0,17,30,16,3,0,0,0,0
PAL1213,12010,1/9/2013,113,0,0,25,52,31,5,0,0,0,0
PAL1213,12011,1/16/2013,81,0,0,14,32,30,4,1,0,0,0
PAL1213,12012,1/16/2013,109,0,1,37,62,7,1,1,0,0,0
PAL1213,12013,1/16/2013,73,0,1,13,40,19,0,0,0,0,0
PAL1213,12014,1/16/2013,54,0,0,13,37,4,0,0,0,0,0
PAL1213,12015,1/16/2013,75,0,0,9,48,15,3,0,0,0,0
PAL1213,12016,2013-01-23 00:00:00,106,0,0,10,72,15,7,2,0,0,0
PAL1213,12017,2013-01-23 00:00:00,50,0,2,4,35,4,2,3,0,0,0
PAL1213,12018,2013-01-23 00:00:00,108,0,0,35,57,13,3,0,0,0,0
PAL1213,12019,2013-01-23 00:00:00,67,0,0,25,40,2,0,0,0,0,0
PAL1213,12020,2013-01-23 00:00:00,110,0,1,34,56,17,1,1,0,0,0
PAL1213,12021,2013-01-28 00:00:00,99,0,0,16,57,20,5,1,0,0,0
PAL1213,12022,2013-01-28 00:00:00,85,0,0,11,54,18,1,1,0,0,0
PAL1213,12023,2013-01-28 00:00:00,73,0,0,18,50,5,0,0,0,0,0
PAL1213,12024,2013-01-28 00:00:00,73,0,0,18,38,13,4,0,0,0,0
PAL1213,12025,2013-01-28 00:00:00,99,0,0,5,46,29,15,4,0,0,0
PAL1314,13001,1/6/2014,0,0,0,0,0,0,0,0,0,0,0
PAL1314,13002,1/6/2014,0,0,0,0,0,0,0,0,0,0,0
PAL1314,13003,1/6/2014,0,0,0,0,0,0,0,0,0,0,0
PAL1314,13004,2014-01-06 00:00:00,5,0,0,1,1,1,2,0,0,0,0
PAL1314,13005,2014-01-16 00:00:00,51,0,1,0,1,8,22,18,1,0,0
PAL1314,13006,2014-01-16 00:00:00,124,1,19,13,21,36,29,5,0,0,0
PAL1314,13007,2014-01-16 00:00:00,37,0,0,2,2,14,10,9,0,0,0
PAL1314,13008,2014-01-16 00:00:00,49,0,1,2,4,9,23,10,0,0,0
PAL1314,13009,2014-01-16 00:00:00,48,0,0,0,4,13,22,8,1,0,0
PAL1314,13010,2014-01-22 00:00:00,8,0,0,0,1,2,3,2,0,0,0
PAL1314,13011,2014-01-22 00:00:00,65,0,0,0,3,6,26,23,7,0,0
PAL1314,13012,2014-01-22 00:00:00,75,0,0,2,4,12,28,29,0,0,0
PAL1314,13013,2014-01-22 00:00:00,79,0,10,10,9,6,30,14,0,0,0
PAL1314,13014,2014-01-22 00:00:00,78,1,2,4,8,12,31,19,1,0,0
PAL1314,13015,2014-01-27 00:00:00,97,0,1,2,1,6,34,49,4,0,0
PAL1314,13016,2014-01-27 00:00:00,42,0,0,4,6,11,13,7,1,0,0
PAL1314,13017,2014-01-27 00:00:00,66,0,3,30,16,11,4,2,0,0,0
PAL1314,13018,2014-01-27 00:00:00,119,0,18,19,18,25,25,13,1,0,0
PAL1314,13020,2014-01-27 00:00:00,57,0,0,0,3,7,29,18,0,0,0
PAL1314,13021,2014-02-01 00:00:00,89,0,2,32,16,16,17,4,2,0,0
PAL1314,13022,2014-02-01 00:00:00,114,0,0,11,8,20,36,36,2,1,0
PAL1314,12023,2014-02-01 00:00:00,62,0,0,0,1,7,20,25,9,0,0
PAL1314,13024,2014-02-01 00:00:00,61,0,1,24,11,8,10,6,1,0,0
PAL1314,13025,2014-02-01 00:00:00,112,0,2,42,27,4,16,20,1,0,0
PAL1415,14001,1/3/2015,88,0,0,0,1,2,20,53,12,0,0
PAL1415,14002,1/3/2015,36,2,2,1,1,14,11,2,2,1,0
PAL1415,14003,1/3/2015,103,1,5,0,15,36,41,5,0,0,0
PAL1415,14004,1/3/2015,100,0,1,0,3,17,28,44,6,1,0
PAL1415,14005,1/3/2015,64,0,0,0,1,2,6,40,15,0,0
PAL1415,14006,2015-01-11 00:00:00,12,0,0,1,1,2,5,3,0,0,0
PAL1415,14007,2015-01-11 00:00:00,88,0,10,23,3,12,19,21,0,0,0
PAL1415,14008,2015-01-11 00:00:00,27,0,0,0,0,7,7,12,1,0,0
PAL1415,14009,2015-01-11 00:00:00,108,0,0,1,0,22,49,33,3,0,0
PAL1415,14010,2015-01-11 00:00:00,46,0,0,0,0,4,12,25,5,0,0
PAL1415,14011,2015-01-18 00:00:00,131,0,0,1,0,8,58,59,5,0,0
PAL1415,14012,2015-01-18 00:00:00,94,0,1,4,0,15,40,30,4,0,0
PAL1415,14013,2015-01-18 00:00:00,40,0,0,0,1,3,19,17,0,0,0
PAL1415,14014,2015-01-18 00:00:00,58,0,0,2,2,5,21,23,5,0,0
PAL1415,14015,2015-01-18 00:00:00,71,0,0,1,1,11,33,22,3,0,0
PAL1415,14016,2015-01-26 00:00:00,36,0,0,0,0,2,16,16,2,0,0
PAL1415,14017,2015-01-26 00:00:00,86,0,1,0,0,5,30,44,6,0,0
PAL1415,14018,2015-01-26 00:00:00,36,0,0,0,0,1,11,23,1,0,0
PAL1415,14019,2015-01-26 00:00:00,10,0,0,0,0,0,3,6,1,0,0
PAL1415,14020,2015-01-26 00:00:00,34,0,0,0,4,1,10,18,1,0,0
PAL1415,14021,2015-02-03 00:00:00,199,0,0,1,0,7,87,92,12,0,0
PAL1415,14022,2015-02-03 00:00:00,26,0,0,1,0,0,8,14,3,0,0
PAL1415,14023,2015-02-03 00:00:00,82,0,0,0,0,3,25,43,11,0,0
PAL1415,14024,2015-02-03 00:00:00,40,0,0,0,0,2,9,21,8,0,0
PAL1415,14025,2015-02-03 00:00:00,24,0,0,0,0,1,14,9,0,0,0
PAL1415,14025,2015-02-09 00:00:00,134,0,0,3,1,4,58,60,8,0,0
PAL1516,15001,2016-01-06 00:00:00,49,0,0,0,0,0,12,18,18,1,0
PAL1516,15002,2016-01-06 00:00:00,33,0,0,0,0,0,2,13,15,3,0
PAL1516,15003,2016-01-06 00:00:00,99,0,0,1,1,3,30,43,19,2,0
PAL1516,15004,2016-01-06 00:00:00,34,0,0,0,0,0,4,13,15,2,0
PAL1516,15005,2016-01-06 00:00:00,2,0,0,0,0,0,1,0,1,0,0
PAL1516,15006,2016-01-12 00:00:00,35,0,0,0,0,1,13,16,5,0,0
PAL1516,15007,2016-01-12 00:00:00,70,0,0,1,0,0,7,30,29,3,0
PAL1516,15008,2016-01-12 00:00:00,63,0,0,0,2,0,8,29,24,0,0
PAL1516,15009,2016-01-12 00:00:00,69,0,0,2,4,0,28,28,6,1,0
PAL1516,15010,2016-01-12 00:00:00,75,0,2,2,1,1,12,32,18,7,0
PAL1516,15011,2016-01-18 00:00:00,90,0,1,0,0,1,18,49,20,1,0
PAL1516,15012,2016-01-18 00:00:00,74,0,0,0,0,2,25,34,12,1,0
PAL1516,15013,2016-01-18 00:00:00,52,3,1,1,0,0,4,13,25,5,0
PAL1516,15014,2016-01-18 00:00:00,116,1,8,12,5,4,37,35,12,2,0
PAL1516,15015,2016-01-18 00:00:00,83,0,0,5,4,3,15,36,15,5,0
PAL1516,15016,2016-01-25 00:00:00,90,0,12,19,13,5,11,23,5,2,0
PAL1516,15017,2016-01-25 00:00:00,39,0,0,1,1,1,6,15,14,1,0
PAL1516,15018,2016-01-25 00:00:00,39,0,0,1,0,3,10,16,9,0,0
PAL1516,15019,2016-01-25 00:00:00,25,0,0,0,0,0,1,6,18,0,0
PAL1516,15020,2016-01-25 00:00:00,52,0,0,0,0,0,1,10,31,10,0
PAL1617,16001,2017-01-05 00:00:00,27,0,0,0,1,3,17,4,2,0,0
PAL1617,16002,2017-01-05 00:00:00,53,0,0,0,0,3,12,23,15,0,0
PAL1617,16003,2017-01-05 00:00:00,56,0,0,0,0,1,27,21,7,0,0
PAL1617,16004,2017-01-05 00:00:00,83,4,17,29,13,8,10,2,0,0,0
PAL1617,16005,2017-01-05 00:00:00,89,0,0,1,1,6,41,28,10,2,0
PAL1617,16006,2017-01-10 00:00:00,82,0,0,0,0,2,10,44,23,3,0
PAL1617,16007,2017-01-10 00:00:00,73,0,3,14,12,7,18,12,6,1,0
PAL1617,16008,2017-01-10 00:00:00,59,0,0,0,0,2,17,28,12,0,0
PAL1617,16009,2017-01-10 00:00:00,65,0,0,0,0,1,8,30,22,4,0
PAL1617,16010,2017-01-10 00:00:00,92,1,0,10,10,5,28,30,7,1,0
PAL1617,16011,2017-01-15 00:00:00,91,0,0,0,4,4,40,41,2,0,0
PAL1617,16012,2017-01-15 00:00:00,55,0,0,0,0,2,10,20,23,0,0
PAL1617,16013,2017-01-15 00:00:00,43,0,0,0,0,4,19,19,1,0,0
PAL1617,16014,2017-01-15 00:00:00,25,0,0,0,0,0,1,11,13,0,0
PAL1617,16015,2017-01-15 00:00:00,61,0,0,2,0,0,18,29,12,0,0
PAL1617,16016,2017-01-22 00:00:00,52,0,0,0,0,0,4,23,20,5,0
PAL1617,16017,2017-01-22 00:00:00,91,0,0,0,2,1,22,32,31,3,0
PAL1617,16018,2017-01-22 00:00:00,57,0,0,2,3,4,16,19,9,4,0
PAL1617,16019,2017-01-22 00:00:00,56,0,0,0,1,1,9,27,18,0,0
PAL1617,16020,2017-01-22 00:00:00,18,0,0,0,0,0,5,4,8,1,0
PAL1718,17001,2018-01-03 00:00:00,67,0,0,0,3,23,33,6,0,2,0
PAL1718,17002,2018-01-03 00:00:00,52,0,0,1,6,22,19,3,1,0,0
PAL1718,17003,2018-01-03 00:00:00,52,0,0,6,16,20,9,0,1,0,0
PAL1718,17004,2018-01-03 00:00:00,61,3,1,7,8,29,13,0,0,0,0
PAL1718,17005,2018-01-03 00:00:00,86,0,0,1,8,51,20,5,1,0,0
PAL1718,17006,2018-01-08 00:00:00,69,0,3,9,4,27,14,9,3,0,0
PAL1718,17007,2018-01-08 00:00:00,41,0,0,3,1,14,13,6,4,0,0
PAL1718,17008,2018-01-08 00:00:00,63,0,1,0,3,31,26,2,0,0,0
PAL1718,17009,2018-01-08 00:00:00,96,2,17,23,11,28,14,0,1,0,0
PAL1718,17010,2018-01-08 00:00:00,82,1,25,17,4,16,16,2,1,0,0
PAL1718,17011,2018-01-15 00:00:00,64,0,0,1,1,13,39,10,0,0,0
PAL1718,17012,2018-01-15 00:00:00,62,0,1,2,2,20,32,3,2,0,0
PAL1718,17013,2018-01-15 00:00:00,82,0,29,21,4,12,14,1,1,0,0
PAL1718,17014,2018-01-15 00:00:00,97,0,12,14,6,32,26,7,0,0,0
PAL1718,17015,2018-01-15 00:00:00,50,0,0,1,0,24,23,2,0,0,0
PAL1718,17016,2018-01-23 00:00:00,120,0,5,14,10,38,44,5,4,0,0
PAL1718,17017,2018-01-23 00:00:00,64,0,0,0,3,19,35,7,0,0,0
PAL1718,17018,2018-01-23 00:00:00,56,0,1,4,8,19,22,0,2,0,0
PAL1718,17019,2018-01-23 00:00:00,132,0,11,48,16,24,25,8,0,0,0
PAL1718,17020,2018-01-23 00:00:00,81,0,1,5,11,22,36,6,0,0,0
PAL1718,17021,2018-01-29 00:00:00,77,0,10,31,15,9,10,2,0,0,0
PAL1718,17022,2018-01-29 00:00:00,42,0,0,5,6,11,13,6,1,0,0
PAL1718,17023,2018-01-29 00:00:00,67,0,1,17,23,5,20,1,0,0,0
PAL1718,17024,2018-01-29 00:00:00,96,0,6,20,19,24,25,2,0,0,0
PAL1718,17025,2018-01-29 00:00:00,92,0,3,21,10,19,31,8,0,0,0
PAL1819,18001,2019-01-03 00:00:00,0,0,0,0,0,0,0,0,0,0,0
PAL1819,18002,2019-01-03 00:00:00,71,0,0,1,10,33,24,3,0,0,0
PAL1819,18003,2019-01-03 00:00:00,65,10,13,13,13,16,0,0,0,0,0
PAL1819,18004,2019-01-03 00:00:00,84,4,12,6,25,24,12,1,0,0,0
PAL1819,18005,2019-01-03 00:00:00,134,2,6,8,46,58,13,1,0,0,0
PAL1819,18006,2019-01-11 00:00:00,71,0,3,11,17,36,4,0,0,0,0
PAL1819,18007,2019-01-11 00:00:00,82,0,0,3,9,15,38,16,1,0,0
PAL1819,18008,2019-01-11 00:00:00,89,0,9,5,18,31,17,9,0,0,0
PAL1819,18009,2019-01-11 00:00:00,65,1,2,3,21,27,11,0,0,0,0
PAL1819,18010,2019-01-11 00:00:00,92,0,1,1,25,47,18,0,0,0,0
PAL1819,18011,2019-01-23 00:00:00,59,0,0,1,1,22,31,4,0,0,0
PAL1819,18012,2019-01-23 00:00:00,63,0,1,1,4,35,17,5,0,0,0
PAL1819,18013,2019-01-23 00:00:00,64,0,0,0,5,19,28,12,0,0,0
PAL1819,18014,2019-01-23 00:00:00,93,0,0,3,1,13,42,33,1,0,0
PAL1819,18015,2019-01-23 00:00:00,55,0,0,0,4,26,19,6,0,0,0
PAL1819,18016,2019-01-30 00:00:00,81,0,0,0,4,21,40,16,0,0,0
PAL1819,18017,2019-01-30 00:00:00,50,0,0,0,7,21,17,5,0,0,0
PAL1819,18018,2019-01-30 00:00:00,24,0,0,0,0,5,13,6,0,0,0
PAL1819,18019,2019-01-30 00:00:00,49,0,0,0,9,23,16,1,0,0,0
PAL1819,18020,2019-01-30 00:00:00,50,0,0,6,3,7,18,16,0,0,0
PAL1819,18021,2019-02-03 00:00:00,57,0,0,0,2,8,26,14,7,0,0
PAL1819,18022,2019-02-03 00:00:00,53,0,1,0,1,15,24,12,0,0,0
PAL1819,18023,2019-02-03 00:00:00,177,0,2,3,4,32,85,46,4,1,0
PAL1819,18024,2019-02-03 00:00:00,82,0,0,3,1,29,32,14,3,0,0
PAL1819,18025,2019-02-03 00:00:00,83,0,0,1,2,12,45,22,1,0,0
PAL1920,19001,2019-12-30 00:00:00,73,0,3,4,32,26,7,1,0,0,0
PAL1920,19002,2019-12-30 00:00:00,68,0,3,2,13,28,16,6,0,0,0
PAL1920,19003,2019-12-30 00:00:00,51,1,7,4,25,12,2,0,0,0,0
PAL1920,19004,2019-12-31 00:00:00,52,1,3,1,13,11,12,9,2,0,0
PAL1920,19005,2019-12-31 00:00:00,102,2,12,5,30,32,13,8,0,0,0
PAL1920,19006,2020-01-07 00:00:00,66,0,4,1,13,27,19,2,0,0,0
PAL1920,19007,2020-01-07 00:00:00,81,4,10,7,8,26,18,8,0,0,0
PAL1920,19008,2020-01-07 00:00:00,64,4,8,6,16,18,9,3,0,0,0
PAL1920,19009,2020-01-07 00:00:00,64,0,16,3,11,21,10,3,0,0,0
PAL1920,19010,2020-01-07 00:00:00,56,3,8,6,9,19,8,3,0,0,0
PAL1920,19011,2020-01-13 00:00:00,27,0,3,4,0,11,8,0,1,0,0
PAL1920,19012,2020-01-13 00:00:00,62,1,10,6,6,23,13,3,0,0,0
PAL1920,19013,2020-01-13 00:00:00,68,4,10,10,2,16,12,11,2,1,0
PAL1920,19014,2020-01-13 00:00:00,65,1,6,10,7,13,22,6,0,0,0
PAL1920,19015,2020-01-13 00:00:00,72,0,5,4,7,30,17,9,0,0,0
PAL1920,19016,2020-01-20 00:00:00,59,1,14,15,6,12,11,0,0,0,0
PAL1920,19017,2020-01-20 00:00:00,59,1,7,11,6,12,20,2,0,0,0
PAL1920,19018,2020-01-20 00:00:00,50,1,7,9,4,4,11,12,2,0,0
PAL1920,19019,2020-01-20 00:00:00,14,0,1,1,3,5,3,1,0,0,0
PAL1920,19020,2020-01-20 00:00:00,63,3,15,20,9,10,6,0,0,0,0
PAL1920,19021,2020-01-28 00:00:00,55,0,2,1,3,19,23,7,0,0,0
PAL1920,19022,2020-01-28 00:00:00,65,1,1,5,7,20,22,9,0,0,0
PAL1920,19023,2020-01-28 00:00:00,75,0,0,0,0,9,37,25,4,0,0
PAL1920,19024,2020-01-28 00:00:00,61,0,0,2,1,21,26,11,0,0,0
PAL1920,19025,2020-01-28 00:00:00,87,0,0,0,5,32,30,15,5,0,0
