studyName,Date,Island,Colony,Adults
PAL2425,2024-10-31,HUM,1.0,6
PAL2425,2024-10-31,HUM,2.1,0
PAL2425,2024-10-31,HUM,2.2,26
PAL2425,2024-10-31,HUM,3.0,47
PAL2425,2024-10-31,HUM,5.0,0
PAL2425,2024-11-13,HUM,1.0,6
PAL2425,2024-11-13,HUM,2.2,22
PAL2425,2024-11-13,HUM,3.0,44
PAL2425,2024-11-15,HUM,1.0,5
PAL2425,2024-11-15,HUM,2.1,0
PAL2425,2024-11-15,HUM,2.2,21
PAL2425,2024-11-15,HUM,3.0,40
PAL2425,2024-11-15,HUM,5.0,0
PAL2425,2024-11-17,HUM,1.0,4
PAL2425,2024-11-17,HUM,2.1,0
PAL2425,2024-11-17,HUM,2.2,21
PAL2425,2024-11-17,HUM,3.0,39
PAL2425,2024-11-17,HUM,5.0,0
PAL2425,2024-11-23,HUM,1.0,3
PAL2425,2024-11-23,HUM,2.1,0
PAL2425,2024-11-23,HUM,2.2,18
PAL2425,2024-11-23,HUM,3.0,29
PAL2425,2024-11-23,HUM,5.0,0
PAL2425,2024-11-27,HUM,1.0,2
PAL2425,2024-11-27,HUM,2.1,0
PAL2425,2024-11-27,HUM,2.2,17
PAL2425,2024-11-27,HUM,3.0,31
PAL2425,2024-11-27,HUM,5.0,0
PAL2425,2024-12-01,HUM,1.0,1
PAL2425,2024-12-01,HUM,2.1,0
PAL2425,2024-12-01,HUM,2.2,20
PAL2425,2024-12-01,HUM,3.0,30
PAL2425,2024-12-01,HUM,5.0,0
PAL2425,2024-12-06,HUM,1.0,2
PAL2425,2024-12-06,HUM,2.1,0
PAL2425,2024-12-06,HUM,2.2,20
PAL2425,2024-12-06,HUM,3.0,28
PAL2425,2024-12-06,HUM,5.0,0
PAL2425,2024-12-11,HUM,1.0,1
PAL2425,2024-12-11,HUM,2.1,0
PAL2425,2024-12-11,HUM,2.2,18
PAL2425,2024-12-11,HUM,3.0,32
PAL2425,2024-12-11,HUM,5.0,0
PAL2425,2024-12-15,HUM,1.0,1
PAL2425,2024-12-15,HUM,2.1,0
PAL2425,2024-12-15,HUM,2.2,13
PAL2425,2024-12-15,HUM,3.0,35
PAL2425,2024-12-15,HUM,5.0,0
PAL2425,2024-12-17,HUM,1.0,0
PAL2425,2024-12-17,HUM,2.1,0
PAL2425,2024-12-17,HUM,2.2,18
PAL2425,2024-12-17,HUM,3.0,31
PAL2425,2024-12-17,HUM,5.0,0
PAL2425,2024-12-22,HUM,1.0,0
PAL2425,2024-12-22,HUM,2.1,0
PAL2425,2024-12-22,HUM,2.2,18
PAL2425,2024-12-22,HUM,3.0,31
PAL2425,2024-12-22,HUM,5.0,0
PAL2425,2024-12-28,HUM,1.0,0
PAL2425,2024-12-28,HUM,2.1,0
PAL2425,2024-12-28,HUM,2.2,19
PAL2425,2024-12-28,HUM,3.0,34
PAL2425,2024-12-28,HUM,5.0,0
PAL2425,2024-12-31,HUM,2.2,18
PAL2425,2024-12-31,HUM,3.0,35
PAL2425,2025-01-04,HUM,2.2,19
PAL2425,2025-01-04,HUM,3.0,34
PAL2425,2025-01-08,HUM,2.2,14
PAL2425,2025-01-08,HUM,3.0,33
PAL2425,2025-01-12,HUM,2.2,18
PAL2425,2025-01-12,HUM,3.0,33
PAL2425,2025-01-17,HUM,2.2,12
PAL2425,2025-01-17,HUM,3.0,25
PAL2425,2025-01-23,HUM,2.2,11
PAL2425,2025-01-23,HUM,3.0,29
PAL2425,2025-01-29,HUM,2.2,14
PAL2425,2025-01-29,HUM,3.0,31
PAL2425,2025-02-03,HUM,2.2,9
PAL2425,2025-02-03,HUM,3.0,20
PAL2425,2025-02-09,HUM,2.2,2
PAL2425,2025-02-09,HUM,3.0,4
PAL2425,2025-02-14,HUM,2.2,0
PAL2425,2025-02-14,HUM,3.0,0
PAL2425,2025-02-19,HUM,2.2,0
PAL2425,2025-02-19,HUM,3.0,0
PAL2425,2024-01-04,HUM,5.0,0
PAL2425,2024-01-08,HUM,2.1,0
PAL2425,2024-01-08,HUM,2.2,25
PAL2425,2024-01-08,HUM,3.0,36
PAL2425,2024-01-08,HUM,5.0,0
PAL2425,2024-01-13,HUM,2.1,0
PAL2425,2024-01-13,HUM,2.2,18
PAL2425,2024-01-13,HUM,3.0,34
PAL2425,2024-01-13,HUM,5.0,0
PAL2425,2024-01-18,HUM,2.1,0
PAL2425,2024-01-18,HUM,2.2,19
PAL2425,2024-01-18,HUM,3.0,26
PAL2425,2024-01-18,HUM,5.0,0
PAL2425,2024-01-23,HUM,2.1,0
PAL2425,2024-01-23,HUM,2.2,16
PAL2425,2024-01-23,HUM,3.0,24
PAL2425,2024-01-23,HUM,5.0,0
PAL2425,2024-01-29,HUM,2.1,0
PAL2425,2024-01-29,HUM,2.2,17
PAL2425,2024-01-29,HUM,3.0,31
PAL2425,2024-01-29,HUM,5.0,0
PAL2425,2024-02-03,HUM,2.1,0
PAL2425,2024-02-03,HUM,2.2,14
PAL2425,2024-02-03,HUM,3.0,31
PAL2425,2024-02-03,HUM,5.0,0
PAL2425,2024-02-08,HUM,2.1,0
PAL2425,2024-02-08,HUM,2.2,16
PAL2425,2024-02-08,HUM,3.0,21
PAL2425,2024-02-08,HUM,5.0,0
PAL2425,2024-02-14,HUM,2.1,0
PAL2425,2024-02-14,HUM,2.2,0
PAL2425,2024-02-14,HUM,3.0,0
PAL2425,2024-02-14,HUM,5.0,0
PAL2425,2024-02-20,HUM,2.1,0
PAL2425,2024-02-20,HUM,2.2,0
PAL2425,2024-02-20,HUM,3.0,0
PAL2425,2024-02-20,HUM,5.0,0
