rule_code,severity,dataset,table,column_name,check_name,check_fn,params,enabled,notes
H01,error,both,header,studyName,Required header field present,required_column_present,,true,
H02,error,both,header,studyName,studyName consistent within Cruise,studyname_consistent_within_cruise,,true,
H03,warn,both,header,studyName,No conversion warning markers in studyName,marker_absent,columns=studyName,true,
H04,error,both,header,Cruise,Required header field present,required_column_present,,true,
H05,error,both,header,Cruise,studyName consistent within Cruise,studyname_consistent_within_cruise,,true,
H06,error,both,header,Year/Month,Year/Month matches YYYY-MM format,yearmonth_format,,true,
H07,error,both,header,Year/Month|DateTime,Year/Month month agrees with DateTime month,yearmonth_datetime_match,,true,
H08,error,both,header,Event Number,Required header field present,required_column_present,,true,
H09,error,both,header,Event Number,Event Number parseable and non-empty,numeric_parseable_nonempty,,true,
H10,error,both,header,DateTime,Required header field present,required_column_present,,true,
H11,error,both,header,DateTime,DateTime parseable,datetime_parseable,,true,
H12,warn,both,header,DateTime,No conversion warning markers in DateTime,marker_absent,columns=DateTime,true,
H13,warn,transect,header,Latitude Start,Latitude Start within [-75|-60],numeric_range,min=-75;max=-60,true,
H14,warn,transect,header,Latitude End,Latitude End within [-75|-60],numeric_range,min=-75;max=-60,true,
H15,warn,transect,header,Longitude Start,Longitude Start within [-85|-50],numeric_range,min=-85;max=-50,true,
H16,warn,transect,header,Longitude End,Longitude End within [-85|-50],numeric_range,min=-85;max=-50,true,
H17,warn,stationary,header,Latitude,Latitude within [-75|-60],numeric_range,min=-75;max=-60,true,
H18,warn,stationary,header,Longitude,Longitude within [-85|-50],numeric_range,min=-85;max=-50,true,
H19,warn,transect,header,Latitude Start|Latitude End|Longitude Start|Longitude End,No warning markers in transect coordinate fields,marker_absent,columns=Latitude Start|Latitude End|Longitude Start|Longitude End,true,
H20,warn,stationary,header,Latitude|Longitude,No warning markers in stationary coordinate fields,marker_absent,columns=Latitude|Longitude,true,
H21,warn,both,header,Wind Direction|Wind Direction Start|Wind Direction End,Wind direction within [0|360] where numeric,multi_numeric_range,columns=Wind Direction|Wind Direction Start|Wind Direction End;min=0;max=360,true,
H22,warn,both,header,Wind Speed|Wind Speed Start|Wind Speed End,Wind speed within [0|80] where numeric,multi_numeric_range,columns=Wind Speed|Wind Speed Start|Wind Speed End;min=0;max=80,true,
H23,warn,both,header,Sea State|Ice Cover|Ice Type|Ice Color,Sea/ice domain whitelist check,h23_domain,,true,
O01,error,both,obs,studyName,Required observation field present,required_column_present,,true,
O02,error,both,obs,Cruise,Required observation field present,required_column_present,,true,
O03,error,both,obs,Event Number,Required observation field present,required_column_present,,true,
O04,error,both,obs,Event Number,Observation Event Number parseable and non-empty,numeric_parseable_nonempty,,true,
O05,error,both,obs,Count Minute,Count Minute parseable integer and non-negative,non_negative_integer,allow_blank=false,true,
O06,warn,both,obs,Count Minute|Species,Duplicate observation rows on key+Count Minute+Species,duplicate_rows_on_keys,keys=Cruise|Event Number|Count Minute|Species,true,
O07,error,both,obs,Number,Number parseable integer and non-negative (blank allowed),non_negative_integer,allow_blank=true,true,
X01,error,both,cross,Cruise|Event Number,Header keys unique by Cruise+Event,header_key_unique,keys=Cruise|Event Number,true,
X02,error,both,cross,Cruise|Event Number,Every observation key maps to header key,obs_maps_to_header,keys=Cruise|Event Number,true,
X03,warn,both,cross,Cruise|Event Number,Every header key has at least one observation,header_has_obs,keys=Cruise|Event Number,true,
