studyName,Date,Island,Time,Sample Number,Bird Weight,Sex,Culmen Length,Culmen Depth,Location
PAL2425,2025-01-17,HUM,18:35,AD_D_HUM24001,4600,M,42.5,18.1,BCH
PAL2425,2025-01-17,HUM,18:35,AD_D_HUM24002,4400,F,36.0,16.9,BCH
PAL2425,2025-01-17,HUM,18:35,AD_D_HUM24003,4500,F,38.1,16.3,BCH
PAL2425,2025-01-17,HUM,18:35,AD_D_HUM24004,4800,M,41.9,17.5,BCH
PAL2425,2025-01-17,HUM,18:35,AD_D_HUM24005,4800,M?,39.7,17.1,BCH
PAL2425,2025-01-25,HUM,13:30,AD_D_HUM24006,3600,M,37.7,17.8,BCH
PAL2425,2025-01-25,HUM,13:30,AD_D_HUM24007,4000,F?,37.0,18.0,BCH
PAL2425,2025-01-25,HUM,13:30,AD_D_HUM24008,4400,M,38.6,17.7,BCH
PAL2425,2025-01-25,HUM,13:30,AD_D_HUM24009,5300,M,43.9,18.8,BCH
PAL2425,2025-01-25,HUM,13:30,AD_D_HUM24010,4550,M,43.1,17.6,BCH
