studyName,Date,Island,Location,Time,Sample Number,Bird Weight,Sex,Culmen Length,Culmen Depth
PAL9192,1992-01-15 00:00:00,TOR,12,1630,91001,4900,U,37.6,19.0
PAL9192,1992-01-15 00:00:00,TOR,12,1630,91002,4650,U,37.5,18.7
PAL9192,1992-01-15 00:00:00,TOR,12,1630,91003,4650,U,39.0,21.0
PAL9192,1992-01-15 00:00:00,TOR,12,1630,91004,4450,U,34.9,17.6
PAL9192,1992-01-15 00:00:00,TOR,12,1630,91005,4350,U,35.7,17.7
PAL9192,1992-01-20 00:00:00,TOR,12,1830,91006,4200,U,40.0,18.3
PAL9192,1992-01-20 00:00:00,TOR,12,1830,91007,4350,U,37.0,16.7
PAL9192,1992-01-20 00:00:00,TOR,12,1830,91008,4100,U,39.0,17.0
PAL9192,1992-01-20 00:00:00,TOR,12,1830,91009,4250,U,34.9,18.4
PAL9192,1992-01-20 00:00:00,TOR,12,1830,91010,4350,U,36.8,18.0
PAL9192,1992-01-25 00:00:00,TOR,12,1900,91011,4650,U,38.4,17.9
PAL9192,1992-01-25 00:00:00,TOR,12,1900,91012,4350,U,37.5,17.8
PAL9192,1992-01-25 00:00:00,TOR,12,1900,91013,4500,U,38.8,17.1
PAL9192,1992-01-25 00:00:00,TOR,12,1900,91014,4050,U,35.6,14.7
PAL9192,1992-01-25 00:00:00,TOR,12,1900,91015,4750,U,42.0,19.0
PAL9192,1992-01-30 00:00:00,TOR,12,1730,91016,4650,U,42.4,19.5
PAL9192,1992-01-30 00:00:00,TOR,12,1730,91017,4150,U,37.6,17.3
PAL9192,1992-01-30 00:00:00,TOR,12,1730,91018,4550,U,38.5,19.3
PAL9192,1992-01-30 00:00:00,TOR,12,1730,91019,4100,U,35.8,17.8
PAL9192,1992-01-30 00:00:00,TOR,12,1730,91020,4150,U,37.7,16.8
PAL9192,1992-02-04 00:00:00,TOR,12,1730,91021,4550,U,39.5,18.1
PAL9192,1992-02-04 00:00:00,TOR,12,1730,91022,4650,U,41.0,19.1
PAL9192,1992-02-04 00:00:00,TOR,12,1730,91023,4650,U,39.8,19.6
PAL9192,1992-02-04 00:00:00,TOR,12,1730,91024,4150,U,35.8,19.4
PAL9192,1992-02-04 00:00:00,TOR,12,1730,91025,4650,U,43.1,19.1
PAL9192,1992-02-09 00:00:00,TOR,12,1600,91026,4350,U,34.7,18.3
PAL9192,1992-02-09 00:00:00,TOR,12,1600,91027,4300,U,39.7,17.5
PAL9192,1992-02-09 00:00:00,TOR,12,1600,91028,4950,U,43.9,18.5
PAL9192,1992-02-09 00:00:00,TOR,12,1600,91029,4500,U,36.2,17.0
PAL9192,1992-02-09 00:00:00,TOR,12,1600,91030,4750,U,36.1,16.4
PAL9192,1992-02-14 00:00:00,TOR,12,1800,91031,5200,U,37.5,19.8
PAL9192,1992-02-14 00:00:00,TOR,12,1800,91032,5100,U,43.4,20.0
PAL9192,1992-02-14 00:00:00,TOR,12,1800,91033,4700,U,40.5,17.9
PAL9192,1992-02-14 00:00:00,TOR,12,1800,91034,4350,U,34.8,17.7
PAL9192,1992-02-14 00:00:00,TOR,12,1800,91035,4900,U,39.5,19.4
PAL9192,1992-02-19 00:00:00,TOR,12,1630,91036,4050,U,41.8,17.4
PAL9192,1992-02-19 00:00:00,TOR,12,1630,91037,5600,U,35.5,16.1
PAL9192,1992-02-19 00:00:00,TOR,12,1630,91038,4650,U,36.2,18.6
PAL9192,1992-02-19 00:00:00,TOR,12,1630,91039,4700,U,38.6,18.2
PAL9192,1992-02-19 00:00:00,TOR,12,1630,91040,4750,U,37.8,17.0
PAL9293,1993-01-11 00:00:00,TOR,12,1700,92001,4600,M,39.5,18.4
PAL9293,1993-01-11 00:00:00,TOR,12,1700,92002,3950,F,33.5,17.6
PAL9293,1993-01-11 00:00:00,TOR,12,1700,92003,4000,M,36.0,17.4
PAL9293,1993-01-11 00:00:00,TOR,12,1700,92004,4950,M,39.3,20.6
PAL9293,1993-01-11 00:00:00,TOR,12,1700,92005,4000,F,35.1,16.2
PAL9293,1993-01-19 00:00:00,TOR,12,1700,92006,4100,F,37.4,17.2
PAL9293,1993-01-19 00:00:00,TOR,12,1700,92007,5150,M,41.4,18.5
PAL9293,1993-01-19 00:00:00,TOR,12,1700,92008,4750,F,38.7,18.1
PAL9293,1993-01-19 00:00:00,TOR,12,1700,92009,4300,F,35.6,17.0
PAL9293,1993-01-19 00:00:00,TOR,12,1700,92010,4650,M,43.7,19.5
PAL9293,1993-01-23 00:00:00,TOR,23,1730,92011,5200,F,34.5,18.5
PAL9293,1993-01-23 00:00:00,TOR,23,1730,92012,5200,M,39.7,19.1
PAL9293,1993-01-23 00:00:00,TOR,23,1730,92013,4850,M,37.8,18.4
PAL9293,1993-01-23 00:00:00,TOR,23,1730,92014,4900,F,36.5,19.9
PAL9293,1993-01-23 00:00:00,TOR,23,1730,92015,4550,M,39.6,17.5
PAL9293,1993-01-30 00:00:00,TOR,23,1700,92016,4150,M,38.0,17.2
PAL9293,1993-01-30 00:00:00,TOR,23,1700,92017,3950,M,40.3,20.5
PAL9293,1993-01-30 00:00:00,TOR,23,1700,92018,3850,F,35.0,15.9
PAL9293,1993-01-30 00:00:00,TOR,23,1700,92019,4400,M,36.5,19.9
PAL9293,1993-01-30 00:00:00,TOR,23,1700,92020,3500,F,39.0,20.0
PAL9293,1993-02-04 00:00:00,TOR,23,1700,92021,4400,F,37.5,17.6
PAL9293,1993-02-04 00:00:00,TOR,23,1700,92022,4275,F,37.0,18.7
PAL9293,1993-02-04 00:00:00,TOR,23,1700,92023,4600,M,37.5,17.0
PAL9293,1993-02-04 00:00:00,TOR,23,1700,92024,5000,M,40.0,19.1
PAL9293,1993-02-04 00:00:00,TOR,23,1700,92025,4950,M,40.1,19.8
PAL9293,1993-02-09 00:00:00,TOR,23,1800,92026,4750,F,36.5,17.7
PAL9293,1993-02-09 00:00:00,TOR,23,1800,92027,4600,F,35.3,16.3
PAL9293,1993-02-09 00:00:00,TOR,23,1800,92028,4900,M,41.7,19.3
PAL9293,1993-02-09 00:00:00,TOR,23,1800,92029,5200,M,40.8,19.5
PAL9293,1993-02-09 00:00:00,TOR,23,1800,92030,4700,F,35.8,18.6
PAL9293,1993-02-14 00:00:00,TOR,23,1800,92031,4250,M,38.9,19.2
PAL9293,1993-02-14 00:00:00,TOR,23,1800,92032,3500,F,33.6,17.9
PAL9293,1993-02-14 00:00:00,TOR,23,1800,92033,4100,F,37.5,18.1
PAL9293,1993-02-14 00:00:00,TOR,23,1800,92034,4450,M,38.7,18.4
PAL9293,1993-02-14 00:00:00,TOR,23,1800,92035,4300,M,38.8,18.6
PAL9293,1993-02-19 00:00:00,TOR,23,1800,92036,4150,F,36.1,18.0
PAL9293,1993-02-19 00:00:00,TOR,23,1800,92037,4700,M,44.7,19.2
PAL9293,1993-02-19 00:00:00,TOR,23,1800,92038,4950,F,36.6,19.0
PAL9293,1993-02-19 00:00:00,TOR,23,1800,92039,4550,F,39.4,16.7
PAL9293,1993-02-19 00:00:00,TOR,23,1800,92040,4750,F,36.6,17.1
PAL9394,1994-01-11 00:00:00,TOR,23,1700,93001,4950,M,39.3,17.7
PAL9394,1994-01-11 00:00:00,TOR,23,1700,93002,4700,M,40.2,18.0
PAL9394,1994-01-11 00:00:00,TOR,23,1700,93003,5200,M,40.9,20.5
PAL9394,1994-01-11 00:00:00,TOR,23,1700,93004,4450,F,38.0,19.0
PAL9394,1994-01-11 00:00:00,TOR,23,1700,93005,4150,F,36.5,17.7
PAL9394,1994-01-16 00:00:00,TOR,23,1630,93006,4050,F,34.4,17.7
PAL9394,1994-01-16 00:00:00,TOR,23,1630,93007,4400,M,35.4,19.5
PAL9394,1994-01-16 00:00:00,TOR,23,1630,93008,4650,M,40.0,21.6
PAL9394,1994-01-16 00:00:00,TOR,23,1630,93009,4550,F,37.5,19.2
PAL9394,1994-01-16 00:00:00,TOR,23,1630,93010,4800,M,41.2,22.2
PAL9394,1994-01-21 00:00:00,TOR,23,1730,93011,4050,F,37.6,17.8
PAL9394,1994-01-21 00:00:00,TOR,23,1730,93012,4450,M,40.4,20.3
PAL9394,1994-01-21 00:00:00,TOR,23,1730,93013,4500,F,36.6,18.6
PAL9394,1994-01-21 00:00:00,TOR,23,1730,93014,4400,F,37.0,16.5
PAL9394,1994-01-21 00:00:00,TOR,23,1730,93015,4100,F,39.5,19.4
PAL9394,1994-01-26 00:00:00,TOR,23,1630,93016,5200,M,39.0,21.5
PAL9394,1994-01-26 00:00:00,TOR,23,1630,93017,4250,F,38.2,22.2
PAL9394,1994-01-26 00:00:00,TOR,23,1630,93018,5200,M,40.9,19.2
PAL9394,1994-01-26 00:00:00,TOR,23,1630,93019,4450,M,40.5,18.4
PAL9394,1994-01-26 00:00:00,TOR,23,1630,93020,4550,F,37.2,16.8
PAL9394,1994-02-01 00:00:00,TOR,23,1900,93021,4250,M,40.8,18.2
PAL9394,1994-02-01 00:00:00,TOR,23,1900,93022,4400,F,37.7,17.6
PAL9394,1994-02-01 00:00:00,TOR,23,1900,93023,4350,F,36.2,19.0
PAL9394,1994-02-01 00:00:00,TOR,23,1900,93024,4950,M,39.5,19.1
PAL9394,1994-02-01 00:00:00,TOR,23,1900,93025,4400,M,40.0,22.0
PAL9394,1994-02-07 00:00:00,TOR,23,1630,93026,3700,F,37.7,18.5
PAL9394,1994-02-07 00:00:00,TOR,23,1630,93027,4150,F,38.3,17.5
PAL9394,1994-02-07 00:00:00,TOR,23,1630,93028,4500,M,39.1,19.2
PAL9394,1994-02-07 00:00:00,TOR,23,1630,93029,4150,F,37.6,17.4
PAL9394,1994-02-07 00:00:00,TOR,23,1630,93030,4450,F,36.6,18.5
PAL9394,1994-02-13 00:00:00,TOR,23,1630,93031,3950,F,37.0,16.1
PAL9394,1994-02-13 00:00:00,TOR,23,1630,93032,4250,M,39.9,19.2
PAL9394,1994-02-13 00:00:00,TOR,23,1630,93033,3900,F,36.5,18.0
PAL9394,1994-02-13 00:00:00,TOR,23,1630,93034,4250,M,38.3,20.4
PAL9394,1994-02-13 00:00:00,TOR,23,1630,93035,4450,M,41.7,20.1
PAL9394,1994-02-18 00:00:00,TOR,23,1830,93036,3650,F,34.4,17.0
PAL9394,1994-02-18 00:00:00,TOR,23,1830,93037,4400,F,38.0,18.2
PAL9394,1994-02-18 00:00:00,TOR,23,1830,93038,4350,M,39.1,18.3
PAL9394,1994-02-18 00:00:00,TOR,23,1830,93039,5300,M,39.4,19.2
PAL9394,1994-02-18 00:00:00,TOR,23,1830,93040,0,F,37.0,18.5
PAL9495,1995-01-11 00:00:00,TOR,23,1630,94001,4100,F,37.6,16.4
PAL9495,1995-01-11 00:00:00,TOR,23,1630,94002,3900,M,39.1,18.5
PAL9495,1995-01-11 00:00:00,TOR,23,1630,94003,4600,F,37.5,17.8
PAL9495,1995-01-11 00:00:00,TOR,23,1630,94004,3900,M,39.5,21.6
PAL9495,1995-01-11 00:00:00,TOR,23,1630,94005,4350,M,40.7,18.8
PAL9495,1995-01-17 00:00:00,TOR,23,1800,94006,4250,M,39.7,17.8
PAL9495,1995-01-17 00:00:00,TOR,23,1800,94007,3800,F,34.8,17.2
PAL9495,1995-01-17 00:00:00,TOR,23,1800,94008,3850,F,37.2,18.2
PAL9495,1995-01-17 00:00:00,TOR,23,1800,94009,4300,M,38.0,18.7
PAL9495,1995-01-17 00:00:00,TOR,23,1800,94010,4050,F,38.4,18.3
PAL9495,1995-01-22 00:00:00,TOR,23,1900,94011,4600,M,39.6,20.0
PAL9495,1995-01-22 00:00:00,TOR,23,1900,94012,4300,M,35.7,18.7
PAL9495,1995-01-22 00:00:00,TOR,23,1900,94013,3950,F,34.5,14.8
PAL9495,1995-01-22 00:00:00,TOR,23,1900,94014,4750,M,38.8,19.7
PAL9495,1995-01-22 00:00:00,TOR,23,1900,94015,4950,M,40.5,19.1
PAL9495,1995-01-27 00:00:00,TOR,23,1800,94016,4200,F,37.3,18.5
PAL9495,1995-01-27 00:00:00,TOR,23,1800,94017,4300,M,40.7,18.2
PAL9495,1995-01-27 00:00:00,TOR,23,1800,94018,4550,M,41.1,19.0
PAL9495,1995-01-27 00:00:00,TOR,23,1800,94019,4950,M,42.4,18.6
PAL9495,1995-01-27 00:00:00,TOR,23,1800,94020,4250,F,34.1,17.4
PAL9495,1995-02-02 00:00:00,TOR,23,1830,94021,4400,F,36.0,17.9
PAL9495,1995-02-02 00:00:00,TOR,23,1830,94022,3750,F,37.3,17.8
PAL9495,1995-02-02 00:00:00,TOR,23,1830,94023,4250,F,32.7,17.7
PAL9495,1995-02-02 00:00:00,TOR,23,1830,94024,4150,M,39.6,17.8
PAL9495,1995-02-02 00:00:00,TOR,23,1830,94025,5050,M,37.3,19.2
PAL9495,1995-02-06 00:00:00,TOR,23,1830,94026,3950,F,34.4,17.0
PAL9495,1995-02-06 00:00:00,TOR,23,1830,94027,4250,M,40.0,19.4
PAL9495,1995-02-06 00:00:00,TOR,23,1830,94028,3900,M,40.6,18.5
PAL9495,1995-02-06 00:00:00,TOR,23,1830,94029,4250,F,35.3,15.5
PAL9495,1995-02-06 00:00:00,TOR,23,1830,94030,4300,M,40.8,17.5
PAL9495,1995-02-13 00:00:00,TOR,23,1900,94031,4100,F,34.5,17.6
PAL9495,1995-02-13 00:00:00,TOR,23,1900,94032,5200,M,39.8,18.2
PAL9495,1995-02-13 00:00:00,TOR,23,1900,94033,4650,F,36.0,17.0
PAL9495,1995-02-13 00:00:00,TOR,23,1900,94034,4300,M,38.6,18.7
PAL9495,1995-02-13 00:00:00,TOR,23,1900,94035,5200,M,38.6,19.0
PAL9495,1995-02-18 00:00:00,TOR,23,1930,94036,4350,M,40.7,18.8
PAL9495,1995-02-18 00:00:00,TOR,23,1930,94037,5000,M,43.5,20.3
PAL9495,1995-02-18 00:00:00,TOR,23,1930,94038,4750,F,37.5,19.0
PAL9495,1995-02-18 00:00:00,TOR,23,1930,94039,5200,F,35.6,17.8
PAL9495,1995-02-18 00:00:00,TOR,23,1930,94040,4450,F,38.2,18.7
PAL9596,1996-01-11 00:00:00,TOR,23,1830,95001,4650,M,41.7,17.8
PAL9596,1996-01-11 00:00:00,TOR,23,1830,95002,4200,F,38.2,17.3
PAL9596,1996-01-11 00:00:00,TOR,23,1830,95003,4200,F,35.7,16.7
PAL9596,1996-01-11 00:00:00,TOR,23,1830,95004,6000,M,42.4,19.8
PAL9596,1996-01-11 00:00:00,TOR,23,1830,95005,4600,F,38.2,17.3
PAL9596,1996-01-16 00:00:00,TOR,23,1830,95006,3825,F,37.4,16.8
PAL9596,1996-01-16 00:00:00,TOR,23,1830,95007,4400,F,36.1,16.9
PAL9596,1996-01-16 00:00:00,TOR,23,1830,95008,4400,M,42.3,18.5
PAL9596,1996-01-16 00:00:00,TOR,23,1830,95009,4625,F,34.7,18.4
PAL9596,1996-01-16 00:00:00,TOR,23,1830,95010,4625,F,37.3,17.6
PAL9596,1996-01-22 00:00:00,TOR,23,1900,95011,4625,M,39.2,18.7
PAL9596,1996-01-22 00:00:00,TOR,23,1900,95012,4400,F,36.1,18.0
PAL9596,1996-01-22 00:00:00,TOR,23,1900,95013,4225,F,38.3,17.8
PAL9596,1996-01-22 00:00:00,TOR,23,1900,95014,4475,M,38.2,18.9
PAL9596,1996-01-22 00:00:00,TOR,23,1900,95015,5600,F,37.7,17.5
PAL9596,1996-01-27 00:00:00,TOR,23,1930,95016,4100,F,35.4,18.0
PAL9596,1996-01-27 00:00:00,TOR,23,1930,95017,3750,F,37.8,18.0
PAL9596,1996-01-27 00:00:00,TOR,23,1930,95018,4525,M,38.7,18.9
PAL9596,1996-01-27 00:00:00,TOR,23,1930,95019,4150,F,36.2,17.5
PAL9596,1996-01-27 00:00:00,TOR,23,1930,95020,4300,F,33.3,16.5
PAL9596,1996-02-01 00:00:00,TOR,23,1900,95021,3900,F,36.3,17.5
PAL9596,1996-02-01 00:00:00,TOR,23,1900,95022,4300,M,37.7,19.1
PAL9596,1996-02-01 00:00:00,TOR,23,1900,95023,4750,M,38.9,17.0
PAL9596,1996-02-01 00:00:00,TOR,23,1900,95024,4050,M,38.2,18.0
PAL9596,1996-02-01 00:00:00,TOR,23,1900,95025,4450,M,40.3,19.8
PAL9596,1996-02-06 00:00:00,TOR,23,1900,95026,4450,F,37.8,18.9
PAL9596,1996-02-06 00:00:00,TOR,23,1900,95027,4450,M,37.6,19.5
PAL9596,1996-02-06 00:00:00,TOR,23,1900,95028,4075,F,38.9,19.2
PAL9596,1996-02-06 00:00:00,TOR,23,1900,95029,5200,M,42.4,19.6
PAL9596,1996-02-06 00:00:00,TOR,23,1900,95030,4650,F,36.3,18.5
PAL9596,1996-02-11 00:00:00,TOR,23,1730,95031,5200,M,38.7,20.3
PAL9596,1996-02-11 00:00:00,TOR,23,1730,95032,4450,F,38.3,19.6
PAL9596,1996-02-11 00:00:00,TOR,23,1730,95033,5000,M,38.3,17.8
PAL9596,1996-02-11 00:00:00,TOR,23,1730,95034,4300,F,36.8,17.3
PAL9596,1996-02-11 00:00:00,TOR,23,1730,95035,4225,F,35.3,16.7
PAL9596,1996-02-17 00:00:00,TOR,23,1900,95036,4250,F,36.8,16.9
PAL9596,1996-02-17 00:00:00,TOR,23,1900,95037,3900,F,37.6,17.9
PAL9596,1996-02-17 00:00:00,TOR,23,1900,95038,3950,F,38.0,18.2
PAL9596,1996-02-17 00:00:00,TOR,23,1900,95039,3800,M,39.6,19.4
PAL9596,1996-02-17 00:00:00,TOR,23,1900,95040,4050,F,36.3,19.3
PAL9697,1997-01-06 00:00:00,TOR,23,1900,96001,4050,F,38.1,18.0
PAL9697,1997-01-06 00:00:00,TOR,23,1900,96002,4200,M,41.2,20.0
PAL9697,1997-01-06 00:00:00,TOR,23,1900,96003,4600,F,34.5,17.1
PAL9697,1997-01-06 00:00:00,TOR,23,1900,96004,4500,M,40.8,20.2
PAL9697,1997-01-06 00:00:00,TOR,23,1900,96005,3800,F,35.9,17.3
PAL9697,1997-01-11 00:00:00,TOR,23,1900,96006,3850,M,40.0,18.5
PAL9697,1997-01-11 00:00:00,TOR,23,1900,96007,3800,F,37.5,19.1
PAL9697,1997-01-11 00:00:00,TOR,23,1900,96008,4150,F,35.2,18.8
PAL9697,1997-01-11 00:00:00,TOR,23,1900,96009,4575,M,43.2,20.3
PAL9697,1997-01-11 00:00:00,TOR,23,1900,96010,3550,F,38.2,17.2
PAL9697,1997-01-16 00:00:00,TOR,23,1930,96011,4150,F,36.9,18.9
PAL9697,1997-01-16 00:00:00,TOR,23,1930,96012,3050,F,36.0,16.8
PAL9697,1997-01-16 00:00:00,TOR,23,1930,96013,3850,F,34.3,17.6
PAL9697,1997-01-16 00:00:00,TOR,23,1930,96014,4250,F,33.2,17.2
PAL9697,1997-01-16 00:00:00,TOR,23,1930,96015,4300,M,42.0,20.2
PAL9697,1997-01-21 00:00:00,TOR,23,1830,96016,3850,F,36.4,17.8
PAL9697,1997-01-21 00:00:00,TOR,23,1830,96017,4500,F,35.8,19.0
PAL9697,1997-01-21 00:00:00,TOR,23,1830,96018,4200,F,36.7,18.6
PAL9697,1997-01-21 00:00:00,TOR,23,1830,96019,4200,F,37.2,17.0
PAL9697,1997-01-21 00:00:00,TOR,23,1830,96020,3750,M,40.3,17.8
PAL9697,1997-01-26 00:00:00,TOR,23,1900,96021,3750,F,35.4,17.7
PAL9697,1997-01-26 00:00:00,TOR,23,1900,96022,4100,F,34.4,16.2
PAL9697,1997-01-26 00:00:00,TOR,23,1900,96023,5200,M,40.2,18.4
PAL9697,1997-01-26 00:00:00,TOR,23,1900,96024,4600,M,40.5,17.5
PAL9697,1997-01-26 00:00:00,TOR,23,1900,96025,4000,F,38.1,18.1
PAL9697,1997-01-31 00:00:00,TOR,23,1900,96026,3950,M,41.2,19.5
PAL9697,1997-01-31 00:00:00,TOR,23,1900,96027,3950,F,34.2,19.8
PAL9697,1997-01-31 00:00:00,TOR,23,1900,96028,4575,M,39.7,20.4
PAL9697,1997-01-31 00:00:00,TOR,23,1900,96029,4400,F,37.4,18.0
PAL9697,1997-01-31 00:00:00,TOR,23,1900,96030,4300,F,38.7,17.8
PAL9697,1997-02-05 00:00:00,TOR,23,1800,96031,4750,M,38.7,18.5
PAL9697,1997-02-05 00:00:00,TOR,23,1800,96032,4450,M,39.6,17.3
PAL9697,1997-02-05 00:00:00,TOR,23,1800,96033,4700,M,41.2,18.8
PAL9697,1997-02-05 00:00:00,TOR,23,1800,96034,4800,M,39.8,17.9
PAL9697,1997-02-05 00:00:00,TOR,23,1800,96035,5000,M,42.5,19.4
PAL9697,1997-02-10 00:00:00,TOR,23,1900,96036,4750,M,40.4,18.6
PAL9697,1997-02-10 00:00:00,TOR,23,1900,96037,4050,F,35.5,18.2
PAL9697,1997-02-10 00:00:00,TOR,23,1900,96038,4450,M,40.0,19.0
PAL9697,1997-02-10 00:00:00,TOR,23,1900,96039,3750,F,39.4,18.5
PAL9697,1997-02-10 00:00:00,TOR,23,1900,96040,5200,M,39.5,20.1
PAL9697,1997-02-15 00:00:00,TOR,23,1830,96041,4700,M,41.9,19.9
PAL9697,1997-02-15 00:00:00,TOR,23,1830,96042,6000,F,34.0,16.8
PAL9697,1997-02-15 00:00:00,TOR,23,1830,96043,4150,F,31.7,16.0
PAL9697,1997-02-15 00:00:00,TOR,23,1830,96044,6000,M,37.6,17.2
PAL9697,1997-02-15 00:00:00,TOR,23,1830,96045,4400,F,34.6,16.4
PAL9798,1998-01-06 00:00:00,TOR,23,1830,97001,4300,M,42.8,21.6
PAL9798,1998-01-06 00:00:00,TOR,23,1830,97002,3700,F,33.8,17.6
PAL9798,1998-01-06 00:00:00,TOR,23,1830,97003,3850,F,36.4,17.7
PAL9798,1998-01-06 00:00:00,TOR,23,1830,97004,4500,M,38.2,17.6
PAL9798,1998-01-06 00:00:00,TOR,23,1830,97005,4700,M,36.6,17.0
PAL9798,1998-01-11 00:00:00,TOR,23,1900,97006,5100,M,39.3,18.3
PAL9798,1998-01-11 00:00:00,TOR,23,1900,97007,4200,F,38.9,17.5
PAL9798,1998-01-11 00:00:00,TOR,23,1900,97008,3450,F,37.8,15.9
PAL9798,1998-01-11 00:00:00,TOR,23,1900,97009,3550,F,35.9,16.6
PAL9798,1998-01-11 00:00:00,TOR,23,1900,97010,4800,M,41.2,17.6
PAL9798,1998-01-16 00:00:00,TOR,23,1830,97011,4300,F,38.0,17.4
PAL9798,1998-01-16 00:00:00,TOR,23,1830,97012,4750,M,40.8,18.7
PAL9798,1998-01-16 00:00:00,TOR,23,1830,97013,4900,M,38.9,18.8
PAL9798,1998-01-16 00:00:00,TOR,23,1830,97014,4250,M,38.6,18.8
PAL9798,1998-01-16 00:00:00,TOR,23,1830,97015,3600,F,39.2,19.0
PAL9798,1998-01-21 00:00:00,TOR,23,1830,97016,4200,F,36.8,16.5
PAL9798,1998-01-21 00:00:00,TOR,23,1830,97017,3950,F,36.1,17.6
PAL9798,1998-01-21 00:00:00,TOR,23,1830,97018,4600,M,39.8,18.8
PAL9798,1998-01-21 00:00:00,TOR,23,1830,97019,4600,F,37.3,18.4
PAL9798,1998-01-21 00:00:00,TOR,23,1830,97020,4100,F,37.5,17.6
PAL9798,1998-01-26 00:00:00,TOR,23,1800,97021,4200,M,38.9,17.3
PAL9798,1998-01-26 00:00:00,TOR,23,1800,97022,4350,F,35.0,18.4
PAL9798,1998-01-26 00:00:00,TOR,23,1800,97023,4200,F,35.9,15.8
PAL9798,1998-01-26 00:00:00,TOR,23,1800,97024,3950,M,39.0,17.6
PAL9798,1998-01-26 00:00:00,TOR,23,1800,97025,4450,F,34.9,16.2
PAL9798,1998-01-31 00:00:00,TOR,23,1800,97026,4200,M,38.6,17.9
PAL9798,1998-01-31 00:00:00,TOR,23,1800,97027,4600,M,38.9,19.9
PAL9798,1998-01-31 00:00:00,TOR,23,1800,97028,4700,M,37.1,19.4
PAL9798,1998-01-31 00:00:00,TOR,23,1800,97029,4200,F,35.8,17.5
PAL9798,1998-01-31 00:00:00,TOR,23,1800,97030,3900,F,36.8,19.8
PAL9798,1998-02-05 00:00:00,TOR,23,1830,97031,4400,M,34.9,17.3
PAL9798,1998-02-05 00:00:00,TOR,23,1830,97032,4000,F,38.0,17.3
PAL9798,1998-02-05 00:00:00,TOR,23,1830,97033,4150,M,39.1,18.2
PAL9798,1998-02-05 00:00:00,TOR,23,1830,97034,4100,M,38.0,18.4
PAL9798,1998-02-05 00:00:00,TOR,23,1830,97035,3750,M,40.9,16.3
PAL9798,1998-02-10 00:00:00,TOR,23,1800,97036,4200,M,39.8,17.8
PAL9798,1998-02-10 00:00:00,TOR,23,1800,97037,4850,M,41.3,18.9
PAL9798,1998-02-10 00:00:00,TOR,23,1800,97038,4250,F,34.6,16.4
PAL9798,1998-02-10 00:00:00,TOR,23,1800,97039,4000,F,36.2,17.6
PAL9798,1998-02-10 00:00:00,TOR,23,1800,97040,3900,F,37.1,17.2
PAL9798,1998-02-15 00:00:00,TOR,23,1800,97041,3850,F,37.1,18.1
PAL9798,1998-02-15 00:00:00,TOR,23,1800,97042,4200,M,40.0,18.2
PAL9798,1998-02-15 00:00:00,TOR,23,1800,97043,3750,F,35.3,16.0
PAL9798,1998-02-15 00:00:00,TOR,23,1800,97044,4050,F,37.9,17.4
PAL9798,1998-02-15 00:00:00,TOR,23,1800,97045,4600,M,39.5,17.1
PAL9798,1998-02-20 00:00:00,TOR,23,1700,97046,5500,M,39.5,17.8
PAL9798,1998-02-20 00:00:00,TOR,23,1700,97047,5000,M,39.4,19.6
PAL9798,1998-02-20 00:00:00,TOR,23,1700,97048,4450,F,38.5,19.0
PAL9798,1998-02-20 00:00:00,TOR,23,1700,97049,4900,M,42.5,20.2
PAL9798,1998-02-20 00:00:00,TOR,23,1700,97050,4050,F,38.0,18.1
PAL9899,1999-01-06 00:00:00,TOR,23,1930,98001,4550,F,33.5,17.5
PAL9899,1999-01-06 00:00:00,TOR,23,1930,98002,3850,F,37.4,17.4
PAL9899,1999-01-06 00:00:00,TOR,23,1930,98003,4050,F,37.2,18.1
PAL9899,1999-01-06 00:00:00,TOR,23,1930,98004,4400,F,38.0,18.1
PAL9899,1999-01-06 00:00:00,TOR,23,1930,98005,4300,M,38.0,19.6
PAL9899,1999-01-11 00:00:00,TOR,23,2000,98006,4300,F,36.5,17.5
PAL9899,1999-01-11 00:00:00,TOR,23,2000,98007,3550,F,36.9,16.8
PAL9899,1999-01-11 00:00:00,TOR,23,2000,98008,3700,F,36.9,17.3
PAL9899,1999-01-11 00:00:00,TOR,23,2000,98009,3850,F,36.7,16.0
PAL9899,1999-01-11 00:00:00,TOR,23,2000,98010,4150,M,37.7,18.0
PAL9899,1999-01-16 00:00:00,TOR,23,2000,98011,3750,F,36.2,17.0
PAL9899,1999-01-16 00:00:00,TOR,23,2000,98012,4050,F,32.7,17.7
PAL9899,1999-01-16 00:00:00,TOR,23,2000,98013,4650,M,42.3,17.6
PAL9899,1999-01-16 00:00:00,TOR,23,2000,98014,4200,M,40.2,16.1
PAL9899,1999-01-16 00:00:00,TOR,23,2000,98015,4050,F,34.5,17.3
PAL9899,1999-01-21 00:00:00,TOR,23,1730,98016,4000,F,35.2,16.7
PAL9899,1999-01-21 00:00:00,TOR,23,1730,98017,5500,M,37.7,17.4
PAL9899,1999-01-21 00:00:00,TOR,23,1730,98018,3800,F,35.0,17.5
PAL9899,1999-01-21 00:00:00,TOR,23,1730,98019,4900,M,40.5,18.9
PAL9899,1999-01-21 00:00:00,TOR,23,1730,98020,5500,M,38.3,18.0
PAL9899,1999-01-26 00:00:00,TOR,23,1730,98021,4000,F,36.5,18.7
PAL9899,1999-01-26 00:00:00,TOR,23,1730,98022,3950,F,38.5,16.5
PAL9899,1999-01-26 00:00:00,TOR,23,1730,98023,3850,F,34.9,16.7
PAL9899,1999-01-26 00:00:00,TOR,23,1730,98024,3750,F,34.6,16.4
PAL9899,1999-01-26 00:00:00,TOR,23,1730,98025,4100,M,39.8,17.7
PAL9899,1999-02-01 00:00:00,TOR,23,1800,98026,4800,M,40.7,19.0
PAL9899,1999-02-01 00:00:00,TOR,23,1800,98027,4500,M,40.8,16.9
PAL9899,1999-02-01 00:00:00,TOR,23,1800,98028,3550,F,35.3,17.0
PAL9899,1999-02-01 00:00:00,TOR,23,1800,98029,4400,M,41.5,19.6
PAL9899,1999-02-01 00:00:00,TOR,23,1800,98030,3850,F,36.3,15.5
PAL9899,1999-02-05 00:00:00,TOR,23,1715,98031,5250,M,41.5,19.8
PAL9899,1999-02-05 00:00:00,TOR,23,1715,98032,4000,F,37.5,18.3
PAL9899,1999-02-05 00:00:00,TOR,23,1715,98033,4300,M,39.1,18.4
PAL9899,1999-02-05 00:00:00,TOR,23,1715,98034,3850,F,33.4,15.7
PAL9899,1999-02-05 00:00:00,TOR,23,1715,98035,4350,F,33.7,16.1
PAL9899,1999-02-11 00:00:00,TOR,23,1730,98036,4250,F,35.0,18.5
PAL9899,1999-02-11 00:00:00,TOR,23,1730,98037,4450,M,38.0,18.5
PAL9899,1999-02-11 00:00:00,TOR,23,1730,98038,4750,M,38.3,18.0
PAL9899,1999-02-11 00:00:00,TOR,23,1730,98039,4800,M,40.3,19.0
PAL9899,1999-02-11 00:00:00,TOR,23,1730,98040,4550,M,39.4,18.0
PAL9899,1999-02-16 00:00:00,TOR,23,1700,98041,4050,F,37.3,16.3
PAL9899,1999-02-16 00:00:00,TOR,23,1700,98042,6000,M,41.8,17.5
PAL9899,1999-02-16 00:00:00,TOR,23,1700,98043,5200,M,39.8,18.1
PAL9899,1999-02-16 00:00:00,TOR,23,1700,98044,5500,M,40.2,18.7
PAL9899,1999-02-16 00:00:00,TOR,23,1700,98045,5500,F,37.7,17.5
PAL9900,2000-01-09 00:00:00,TOR,23,1900,99001,4200,M,39.1,18.9
PAL9900,2000-01-09 00:00:00,TOR,23,1900,99002,4600,F,34.7,18.5
PAL9900,2000-01-09 00:00:00,TOR,23,1900,99003,4950,M,39.0,20.0
PAL9900,2000-01-09 00:00:00,TOR,23,1900,99004,4250,F,37.3,18.2
PAL9900,2000-01-09 00:00:00,TOR,23,1900,99005,4100,F,37.1,20.1
PAL9900,2000-01-13 00:00:00,TOR,23,1800,99006,3950,F,38.0,17.3
PAL9900,2000-01-13 00:00:00,TOR,23,1800,99007,3750,F,36.9,17.0
PAL9900,2000-01-13 00:00:00,TOR,23,1800,99008,4150,F,34.4,17.2
PAL9900,2000-01-13 00:00:00,TOR,23,1800,99009,4000,F,36.3,15.9
PAL9900,2000-01-13 00:00:00,TOR,23,1800,99010,4950,M,39.5,19.7
PAL9900,2000-01-18 00:00:00,TOR,23,1830,99011,3850,F,34.0,18.8
PAL9900,2000-01-18 00:00:00,TOR,23,1830,99012,4250,M,37.2,18.2
PAL9900,2000-01-18 00:00:00,TOR,23,1830,99013,4050,F,35.7,17.8
PAL9900,2000-01-18 00:00:00,TOR,23,1830,99014,4350,M,40.2,19.5
PAL9900,2000-01-18 00:00:00,TOR,23,1830,99015,4750,F,31.6,16.0
PAL9900,2000-01-25 00:00:00,TOR,23,1800,99016,4050,M,39.7,16.6
PAL9900,2000-01-25 00:00:00,TOR,23,1800,99017,3750,F,38.3,15.8
PAL9900,2000-01-25 00:00:00,TOR,23,1800,99018,4400,F,34.4,16.4
PAL9900,2000-01-25 00:00:00,TOR,23,1800,99019,4100,F,36.6,17.3
PAL9900,2000-01-25 00:00:00,TOR,23,1800,99020,4450,M,38.5,17.9
PAL9900,2000-01-29 00:00:00,TOR,23,1800,99021,3850,F,36.0,16.7
PAL9900,2000-01-29 00:00:00,TOR,23,1800,99022,4850,M,36.1,18.9
PAL9900,2000-01-29 00:00:00,TOR,23,1800,99023,4600,M,38.8,18.2
PAL9900,2000-01-29 00:00:00,TOR,23,1800,99024,3850,F,36.6,19.5
PAL9900,2000-01-29 00:00:00,TOR,23,1800,99025,4700,M,43.5,19.5
PAL9900,2000-02-04 00:00:00,TOR,23,1800,99026,4250,M,38.9,19.8
PAL9900,2000-02-04 00:00:00,TOR,23,1800,99027,4400,F,35.1,17.6
PAL9900,2000-02-04 00:00:00,TOR,23,1800,99028,3950,F,34.1,20.0
PAL9900,2000-02-04 00:00:00,TOR,23,1800,99029,4600,M,39.8,18.6
PAL9900,2000-02-04 00:00:00,TOR,23,1800,99030,4550,F,38.0,19.4
PAL9900,2000-02-07 00:00:00,TOR,23,1830,99031,4500,M,38.7,19.0
PAL9900,2000-02-07 00:00:00,TOR,23,1830,99032,4200,F,34.5,16.1
PAL9900,2000-02-07 00:00:00,TOR,23,1830,99033,3950,M,40.3,18.6
PAL9900,2000-02-07 00:00:00,TOR,23,1830,99034,4500,M,41.2,20.7
PAL9900,2000-02-07 00:00:00,TOR,23,1830,99035,5400,M,37.6,19.6
PAL9900,2000-02-11 00:00:00,TOR,23,1800,99036,4700,M,44.5,20.3
PAL9900,2000-02-11 00:00:00,TOR,23,1800,99037,4450,M,42.0,19.5
PAL9900,2000-02-11 00:00:00,TOR,23,1800,99038,4550,M,42.7,18.9
PAL9900,2000-02-11 00:00:00,TOR,23,1800,99039,4400,F,39.1,18.3
PAL9900,2000-02-11 00:00:00,TOR,23,1800,99040,3900,F,36.3,16.7
PAL0001,2000-12-27 00:00:00,TOR,23,1900,1,4000,F,37.9,20.5
PAL0001,2000-12-27 00:00:00,TOR,23,1900,2,4200,F,36.1,17.6
PAL0001,2000-12-27 00:00:00,TOR,23,1900,3,5200,M,36.1,18.3
PAL0001,2000-12-27 00:00:00,TOR,23,1900,4,3500,F,37.4,18.1
PAL0001,2000-12-27 00:00:00,TOR,23,1900,5,4100,F,36.8,18.5
PAL0001,2001-01-09 00:00:00,TOR,23,1030,6,4700,M,40.2,21.3
PAL0001,2001-01-09 00:00:00,TOR,23,1030,7,4300,F,35.2,18.4
PAL0001,2001-01-09 00:00:00,TOR,23,1030,8,3750,F,33.6,16.2
PAL0001,2001-01-09 00:00:00,TOR,23,1030,9,4300,M,38.9,17.8
PAL0001,2001-01-09 00:00:00,TOR,23,1030,10,4800,M,38.4,18.7
PAL0001,2001-01-12 00:00:00,TOR,23,1830,11,4350,F,36.3,17.1
PAL0001,2001-01-12 00:00:00,TOR,23,1830,12,4700,F,36.8,18.5
PAL0001,2001-01-12 00:00:00,TOR,23,1830,13,4000,F,37.2,18.4
PAL0001,2001-01-12 00:00:00,TOR,23,1830,14,3750,F,36.6,16.4
PAL0001,2001-01-12 00:00:00,TOR,23,1830,15,3400,F,35.8,18.4
PAL0001,2001-01-18 00:00:00,TOR,23,1900,16,4700,M,41.1,18.4
PAL0001,2001-01-18 00:00:00,TOR,23,1900,17,4200,M,42.0,18.3
PAL0001,2001-01-18 00:00:00,TOR,23,1900,18,3500,F,35.6,19.4
PAL0001,2001-01-18 00:00:00,TOR,23,1900,19,4100,M,41.2,20.9
PAL0001,2001-01-18 00:00:00,TOR,23,1900,20,4200,F,39.0,18.3
PAL0001,2001-01-24 00:00:00,TOR,23,1730,21,4700,M,41.1,18.4
PAL0001,2001-01-24 00:00:00,TOR,23,1730,22,4200,M,42.0,18.3
PAL0001,2001-01-24 00:00:00,TOR,23,1730,23,3500,F,35.6,19.4
PAL0001,2001-01-24 00:00:00,TOR,23,1730,24,4100,M,41.2,20.9
PAL0001,2001-01-24 00:00:00,TOR,23,1730,25,4200,F,39.0,18.3
PAL0001,2001-01-30 00:00:00,TOR,23,1930,26,4250,F,35.8,18.7
PAL0001,2001-01-30 00:00:00,TOR,23,1930,27,4600,M,41.3,18.0
PAL0001,2001-01-30 00:00:00,TOR,23,1930,28,4000,F,35.9,18.5
PAL0001,2001-01-30 00:00:00,TOR,23,1930,29,4100,F,35.0,17.8
PAL0001,2001-01-30 00:00:00,TOR,23,1930,30,3250,F,35.0,16.9
PAL0001,2001-02-03 00:00:00,TOR,23,1800,31,4550,M,40.3,17.3
PAL0001,2001-02-03 00:00:00,TOR,23,1800,32,4100,F,34.7,18.5
PAL0001,2001-02-03 00:00:00,TOR,23,1800,33,3950,M,38.4,19.3
PAL0001,2001-02-03 00:00:00,TOR,23,1800,34,3900,F,36.8,16.0
PAL0001,2001-02-03 00:00:00,TOR,23,1800,35,4250,M,39.0,18.4
PAL0001,2001-02-10 00:00:00,TOR,23,1800,36,3800,F,38.8,18.0
PAL0001,2001-02-10 00:00:00,TOR,23,1800,37,3800,F,35.0,19.5
PAL0001,2001-02-10 00:00:00,TOR,23,1800,38,4900,M,39.2,19.0
PAL0001,2001-02-10 00:00:00,TOR,23,1800,39,3650,F,34.9,20.2
PAL0001,2001-02-10 00:00:00,TOR,23,1800,40,3750,F,38.8,16.9
PAL0001,2001-02-15 00:00:00,TOR,23,1800,41,4000,M,41.7,17.3
PAL0001,2001-02-15 00:00:00,TOR,23,1800,42,4650,M,40.9,18.3
PAL0001,2001-02-15 00:00:00,TOR,23,1800,43,3900,F,38.2,17.3
PAL0001,2001-02-15 00:00:00,TOR,23,1800,44,4250,F,38.5,17.1
PAL0001,2001-02-15 00:00:00,TOR,23,1800,45,4300,F,38.0,16.7
PAL0102,2001-12-05 00:00:00,TOR,23,1825,1001,4000,F,37.8,17.8
PAL0102,2001-12-05 00:00:00,TOR,23,1825,1002,3600,F,36.2,19.3
PAL0102,2001-12-05 00:00:00,TOR,23,1825,1003,3900,F,37.6,18.4
PAL0102,2001-12-05 00:00:00,TOR,23,1825,1004,4900,M,38.0,20.6
PAL0102,2001-12-28 00:00:00,TOR,23,1800,1005,4300,M,41.0,19.8
PAL0102,2001-12-28 00:00:00,TOR,23,1800,1006,4100,F,35.7,20.1
PAL0102,2001-12-28 00:00:00,TOR,23,1800,1007,5000,M,37.7,20.8
PAL0102,2001-12-28 00:00:00,TOR,23,1800,1008,4650,M,40.4,20.2
PAL0102,2001-12-28 00:00:00,TOR,23,1800,1009,4200,M,39.5,19.5
PAL0102,2002-01-07 00:00:00,TOR,23,1100,1010,4300,F,36.8,19.9
PAL0102,2002-01-07 00:00:00,TOR,23,1100,1011,4700,M,40.1,20.0
PAL0102,2002-01-07 00:00:00,TOR,23,1100,1012,4300,M,38.1,18.1
PAL0102,2002-01-07 00:00:00,TOR,23,1100,1013,4250,M,40.7,20.1
PAL0102,2002-01-07 00:00:00,TOR,23,1100,1014,4700,M,37.5,19.2
PAL0102,2002-01-15 00:00:00,TOR,23,2100,1015,4350,M,40.9,20.0
PAL0102,2002-01-15 00:00:00,TOR,23,2100,1016,4650,M,42.3,19.6
PAL0102,2002-01-15 00:00:00,TOR,23,2100,1017,3850,M,40.9,18.6
PAL0102,2002-01-15 00:00:00,TOR,23,2100,1018,4600,F,35.9,19.2
PAL0102,2002-01-15 00:00:00,TOR,23,2100,1019,3950,M,40.6,17.9
PAL0102,2002-01-21 00:00:00,TOR,23,1830,1020,4050,F,36.8,17.5
PAL0102,2002-01-21 00:00:00,TOR,23,1830,1021,4250,F,36.1,20.1
PAL0102,2002-01-21 00:00:00,TOR,23,1830,1022,3550,F,34.3,17.0
PAL0102,2002-01-21 00:00:00,TOR,23,1830,1023,4000,M,40.4,20.0
PAL0102,2002-01-21 00:00:00,TOR,23,1830,1024,4000,F,37.9,19.9
PAL0102,2002-01-31 00:00:00,TOR,23,1930,1025,4650,M,42.3,18.0
PAL0102,2002-01-31 00:00:00,TOR,23,1930,1026,4450,M,39.7,18.7
PAL0102,2002-01-31 00:00:00,TOR,23,1930,1027,4450,M,38.0,22.0
PAL0102,2002-01-31 00:00:00,TOR,23,1930,1028,3400,F,35.3,17.9
PAL0102,2002-01-31 00:00:00,TOR,23,1930,1029,4250,F,36.0,16.5
PAL0102,2002-02-09 00:00:00,HUM,BCH,1900,1030,4150,M,41.4,18.0
PAL0102,2002-02-09 00:00:00,HUM,BCH,1900,1031,4050,F,36.2,18.7
PAL0102,2002-02-09 00:00:00,HUM,BCH,1900,1032,4450,M,38.6,19.5
PAL0102,2002-02-09 00:00:00,HUM,BCH,1900,1033,4400,M,37.5,18.6
PAL0102,2002-02-09 00:00:00,HUM,BCH,1900,1034,4350,M,41.4,20.4
PAL0102,2002-02-22 00:00:00,HUM,BCH,1900,1035,5000,F,36.1,17.7
PAL0102,2002-02-22 00:00:00,HUM,BCH,1900,1036,4300,M,37.2,17.7
PAL0102,2002-02-22 00:00:00,HUM,BCH,1900,1037,4750,M,38.8,18.7
PAL0203,2002-12-10 00:00:00,TOR,BCH,1800,2001,4500,M,39.8,19.7
PAL0203,2002-12-10 00:00:00,TOR,BCH,1800,2002,4700,M,40.2,19.4
PAL0203,2002-12-10 00:00:00,TOR,BCH,1800,2003,5000,M,40.6,19.5
PAL0203,2002-12-10 00:00:00,TOR,BCH,1800,2004,3650,M,37.2,18.7
PAL0203,2002-12-10 00:00:00,TOR,BCH,1800,2005,4250,F,36.5,16.2
PAL0203,2002-12-22 00:00:00,TOR,BCH,1900,2006,4200,M,36.4,17.4
PAL0203,2002-12-22 00:00:00,TOR,BCH,1900,2007,4100,F,34.9,17.7
PAL0203,2002-12-22 00:00:00,TOR,BCH,1900,2008,4350,M,39.4,17.8
PAL0203,2002-12-22 00:00:00,TOR,BCH,1900,2009,4550,F,35.9,17.6
PAL0203,2002-12-22 00:00:00,TOR,BCH,1900,2010,4550,F,32.4,18.4
PAL0203,2002-12-29 00:00:00,TOR,BCH,1630,2011,4700,M,38.9,19.2
PAL0203,2002-12-29 00:00:00,TOR,BCH,1630,2012,4400,M,35.4,16.7
PAL0203,2002-12-29 00:00:00,TOR,BCH,1630,2013,4550,M,36.2,18.2
PAL0203,2002-12-29 00:00:00,TOR,BCH,1630,2014,4300,M,36.4,18.9
PAL0203,2002-12-29 00:00:00,TOR,BCH,1630,2015,3800,F,34.0,16.4
PAL0203,2003-01-05 00:00:00,TOR,BCH,1800,2016,3950,F,36.2,20.1
PAL0203,2003-01-05 00:00:00,TOR,BCH,1800,2017,4450,M,37.4,20.3
PAL0203,2003-01-05 00:00:00,TOR,BCH,1800,2018,4100,M,38.5,19.5
PAL0203,2003-01-05 00:00:00,TOR,BCH,1800,2019,4060,M,38.0,18.4
PAL0203,2003-01-05 00:00:00,TOR,BCH,1800,2020,4350,F,34.7,17.8
PAL0203,2003-01-15 00:00:00,TOR,BCH,1745,2021,3800,F,33.8,16.9
PAL0203,2003-01-15 00:00:00,TOR,BCH,1745,2022,4450,M,39.6,19.1
PAL0203,2003-01-15 00:00:00,TOR,BCH,1745,2023,4050,F,35.5,18.4
PAL0203,2003-01-15 00:00:00,TOR,BCH,1745,2024,4250,M,38.6,17.8
PAL0203,2003-01-27 00:00:00,TOR,BCH,1930,2025,4550,F,38.7,18.4
PAL0203,2003-01-27 00:00:00,TOR,BCH,1935,2026,4150,F,34.8,16.6
PAL0203,2003-01-27 00:00:00,TOR,BCH,1858,2027,4300,M,39.1,17.3
PAL0203,2003-01-27 00:00:00,TOR,BCH,1910,2028,4400,M,42.2,18.2
PAL0203,2003-01-27 00:00:00,TOR,BCH,1916,2029,4650,M,42.6,17.6
PAL0203,2003-02-10 00:00:00,HUM,BCH,1605,2030,4300,F,36.8,19.0
PAL0203,2003-02-10 00:00:00,HUM,BCH,1613,2031,4650,M,38.8,18.4
PAL0203,2003-02-10 00:00:00,HUM,BCH,1625,2032,5050,M,44.7,20.4
PAL0203,2003-02-10 00:00:00,HUM,BCH,1635,2033,4700,F,36.5,16.4
PAL0304,2004-01-15 00:00:00,TOR,23,1600,3001,3950,F,37.8,17.5
PAL0304,2004-01-15 00:00:00,TOR,23,1600,3002,4050,M,40.4,18.7
PAL0304,2004-01-15 00:00:00,TOR,23,1600,3003,4900,M,36.8,18.0
PAL0304,2004-01-15 00:00:00,TOR,23,1600,3004,4000,F,35.6,17.9
PAL0304,2004-01-15 00:00:00,TOR,23,1600,3005,3850,F,35.6,16.2
PAL0304,2004-01-25 00:00:00,TOR,23,1852,3006,4100,M,39.5,18.1
PAL0304,2004-01-25 00:00:00,TOR,23,1852,3007,4300,M,40.3,18.0
PAL0304,2004-01-25 00:00:00,TOR,23,1852,3008,4700,M,38.8,19.2
PAL0304,2004-01-25 00:00:00,TOR,23,1852,3009,3750,F,36.4,16.7
PAL0304,2004-01-25 00:00:00,TOR,23,1852,3010,4300,M,40.1,18.9
PAL0304,2004-02-05 00:00:00,TOR,23,1730,3011,4300,F,37.0,17.8
PAL0304,2004-02-05 00:00:00,TOR,23,1730,3012,4150,M,39.6,18.4
PAL0304,2004-02-05 00:00:00,TOR,23,1730,3013,4550,F,35.6,17.4
PAL0304,2004-02-05 00:00:00,TOR,23,1730,3014,4250,M,39.8,18.0
PAL0304,2004-02-05 00:00:00,TOR,23,1730,3015,4650,M,40.7,18.0
PAL0405,2005-01-12 00:00:00,TOR,23,1705,4001,3850,F,32.2,17.8
PAL0405,2005-01-12 00:00:00,TOR,23,1705,4002,3950,M,36.6,19.3
PAL0405,2005-01-12 00:00:00,TOR,23,1705,4003,4250,M,39.8,18.7
PAL0405,2005-01-12 00:00:00,TOR,23,1705,4004,4500,M,38.8,18.7
PAL0405,2005-01-12 00:00:00,TOR,23,1705,4005,3450,F,31.7,15.7
PAL0405,2005-01-21 00:00:00,TOR,23,1850,4006,4900,M,41.4,18.1
PAL0405,2005-01-21 00:00:00,TOR,23,1850,4007,4550,F,36.8,16.3
PAL0405,2005-01-21 00:00:00,TOR,23,1850,4008,3800,M,39.1,18.6
PAL0405,2005-01-21 00:00:00,TOR,23,1850,4009,4625,M,40.6,20.0
PAL0405,2005-01-21 00:00:00,TOR,23,1850,4010,4450,F,36.5,18.1
PAL0405,2005-02-01 00:00:00,TOR,23,1630,4011,5200,M,41.5,19.5
PAL0405,2005-02-01 00:00:00,TOR,23,1630,4012,4300,F,36.0,17.4
PAL0405,2005-02-01 00:00:00,TOR,23,1630,4013,4500,M,39.6,19.1
PAL0405,2005-02-01 00:00:00,TOR,23,1630,4014,4050,M,39.1,17.0
PAL0405,2005-02-01 00:00:00,TOR,23,1630,4015,4550,F,37.3,18.1
PAL0506,2005-12-27 00:00:00,TOR,BCH,1920,5001,3650,F,35.4,18.4
PAL0506,2005-12-27 00:00:00,TOR,BCH,1935,5002,3650,F,35.9,17.2
PAL0506,2005-12-27 00:00:00,TOR,BCH,1950,5003,4350,M,39.3,19.2
PAL0506,2005-12-27 00:00:00,TOR,BCH,2005,5004,4450,F,33.7,16.7
PAL0506,2005-12-27 00:00:00,TOR,BCH,2020,5005,4400,M,38.2,17.3
PAL0506,2005-12-27 00:00:00,TOR,BCH,2035,5006,3900,F,33.5,17.2
PAL0506,2006-01-11 00:00:00,TOR,BCH,1830,5007,4150,M,39.4,16.2
PAL0506,2006-01-11 00:00:00,TOR,BCH,1845,5008,4750,M,42.0,19.2
PAL0506,2006-01-11 00:00:00,TOR,BCH,1900,5009,4200,F,35.7,15.8
PAL0506,2006-01-11 00:00:00,TOR,BCH,1915,5010,4100,F,36.1,16.8
PAL0506,2006-01-11 00:00:00,TOR,BCH,1930,5011,3700,F,34.6,14.4
PAL0506,2006-01-25 00:00:00,TOR,BCH,1830,5012,3950,M,39.2,18.7
PAL0506,2006-01-25 00:00:00,TOR,BCH,1830,5013,0,M,38.9,17.4
PAL0607,2007-01-06 00:00:00,TOR,BCH,1630,6001,4600,M,42.0,18.1
PAL0607,2007-01-06 00:00:00,TOR,BCH,1645,6002,4600,M,41.7,19.0
PAL0607,2007-01-06 00:00:00,TOR,BCH,1700,6003,5100,M,37.8,18.2
PAL0607,2007-01-06 00:00:00,TOR,BCH,1715,6004,4650,F,34.6,17.8
PAL0607,2007-01-06 00:00:00,TOR,BCH,1715,6005,3350,F,36.5,16.4
PAL0607,2007-01-13 00:00:00,TOR,BCH,1700,6006,4000,M,41.8,16.2
PAL0607,2007-01-13 00:00:00,TOR,BCH,1715,6007,3900,M,40.4,19.1
PAL0607,2007-01-13 00:00:00,TOR,BCH,1720,6008,3800,F,34.5,15.0
PAL0607,2007-01-13 00:00:00,TOR,BCH,1730,6009,4000,F,36.7,16.6
PAL0607,2007-01-13 00:00:00,TOR,BCH,1730,6010,4300,F,32.5,17.9
PAL0607,2007-01-19 00:00:00,TOR,BCH,1730,6011,3600,F,36.8,16.6
PAL0607,2007-01-19 00:00:00,TOR,BCH,1745,6012,3800,F,37.7,16.3
PAL0607,2007-01-19 00:00:00,TOR,BCH,1800,6013,4400,M,38.1,18.3
PAL0607,2007-01-19 00:00:00,TOR,BCH,1815,6014,4350,M,39.6,18.9
PAL0607,2007-01-19 00:00:00,TOR,BCH,1840,6015,4050,F,35.4,17.3
PAL0607,2007-01-26 00:00:00,TOR,BCH,1745,6016,4600,M,42.3,21.7
PAL0607,2007-01-26 00:00:00,TOR,BCH,1745,6017,4150,M,38.9,18.9
PAL0607,2007-01-26 00:00:00,TOR,BCH,1800,6018,3750,F,34.1,15.5
PAL0607,2007-01-26 00:00:00,TOR,BCH,1805,6019,4950,M,38.9,18.2
PAL0607,2007-01-26 00:00:00,TOR,BCH,1835,6020,4450,F,35.3,17.6
PAL0607,2007-02-02 00:00:00,TOR,BCH,1620,6021,4150,M,38.7,19.5
PAL0607,2007-02-02 00:00:00,TOR,BCH,1640,6022,4250,M,38.3,18.7
PAL0607,2007-02-02 00:00:00,TOR,BCH,1700,6023,5000+,M,37.9,18.2
PAL0607,2007-02-02 00:00:00,TOR,BCH,1700,6024,4400,F,36.5,16.2
PAL0607,2007-02-02 00:00:00,TOR,BCH,1710,6025,3850,F,35.9,17.6
PAL0708,2008-01-04 00:00:00,TOR,BCH,18:30:00,7001,4900,M,42.2,19.0
PAL0708,2008-01-04 00:00:00,TOR,BCH,18:50:00,7002,4450,F,35.1,17.3
PAL0708,2008-01-04 00:00:00,TOR,BCH,19:10:00,7003,3700,M,39.4,19.5
PAL0708,2008-01-04 00:00:00,TOR,BCH,19:30:00,7004,3650,M,40.0,18.1
PAL0708,2008-01-04 00:00:00,TOR,BCH,19:50:00,7005,3650,M,41.7,19.0
PAL0708,2008-01-11 00:00:00,TOR,BCH,18:50:00,7006,4625,M,39.4,19.8
PAL0708,2008-01-11 00:00:00,TOR,BCH,19:10:00,7007,5050,F,37.2,17.9
PAL0708,2008-01-11 00:00:00,TOR,BCH,19:30:00,7008,4050,F,35.0,15.9
PAL0708,2008-01-11 00:00:00,TOR,BCH,19:50:00,7009,3750,F,37.3,17.2
PAL0708,2008-01-11 00:00:00,TOR,BCH,20:10:00,7010,3950,F,34.5,15.2
PAL0708,2008-01-18 00:00:00,TOR,BCH,18:00:00,7011,4850,M,39.2,18.2
PAL0708,2008-01-18 00:00:00,TOR,BCH,18:20:00,7012,4300,F,38.3,16.7
PAL0708,2008-01-18 00:00:00,TOR,BCH,18:40:00,7013,4200,M,40.4,17.3
PAL0708,2008-01-18 00:00:00,TOR,BCH,19:00:00,7014,4050,M,39.4,18.1
PAL0708,2008-01-18 00:00:00,TOR,BCH,19:20:00,7015,3400,F,33.7,15.9
PAL0708,2008-01-27 00:00:00,TOR,BCH,18:40:00,7016,4950,M,36.2,20.2
PAL0708,2008-01-27 00:00:00,TOR,BCH,18:50:00,7017,3950,F,36.7,16.8
PAL0708,2008-01-27 00:00:00,TOR,BCH,19:05:00,7018,4150,M,37.0,17.3
PAL0708,2008-01-27 00:00:00,TOR,BCH,19:15:00,7019,3800,F,36.2,16.4
PAL0708,2008-01-27 00:00:00,TOR,BCH,19:30:00,7020,3750,F,38.8,16.8
PAL0708,2008-02-02 00:00:00,TOR,BCH,19:50:00,7021,4275,M,38.2,19.2
PAL0708,2008-02-02 00:00:00,TOR,BCH,20:05:00,7022,3800,F,34.6,17.6
PAL0708,2008-02-02 00:00:00,TOR,BCH,20:20:00,7023,3950,F,33.0,16.8
PAL0708,2008-02-02 00:00:00,TOR,BCH,20:30:00,7024,4150,M,43.8,17.6
PAL0708,2008-02-02 00:00:00,TOR,BCH,20:45:00,7025,3800,F,35.4,17.3
PAL0809,2009-01-07 00:00:00,TOR,BCH,20:15:00,8001,4750,M,38.5,18.1
PAL0809,2009-01-07 00:00:00,TOR,BCH,20:40:00,8002,3850,F,38.1,16.4
PAL0809,2009-01-19 00:00:00,TOR,BCH,18:37:00,8003,3750,F,37.1,17.0
PAL0809,2009-01-19 00:00:00,TOR,BCH,19:00:00,8004,4000,M,42.3,19.6
PAL0809,2009-01-19 00:00:00,TOR,BCH,19:20:00,8005,4275,F,35.0,16.8
PAL0809,2009-01-19 00:00:00,TOR,BCH,19:40:00,8006,4140,F,39.8,17.2
PAL0809,2009-01-19 00:00:00,TOR,BCH,20:00:00,8007,4850,M,38.3,18.3
PAL0809,2009-01-26 00:00:00,TOR,BCH,18:00:00,8008,4480,M,41.0,16.9
PAL0809,2009-01-26 00:00:00,TOR,BCH,18:15:00,8009,4390,F,34.7,17.3
PAL0809,2009-01-26 00:00:00,TOR,BCH,18:35:00,8010,4590,F,35.6,16.7
PAL0809,2009-01-26 00:00:00,TOR,BCH,18:50:00,8011,4650,M,41.4,17.5
PAL0809,2009-01-26 00:00:00,TOR,BCH,19:10:00,8012,5050,M,37.3,18.3
PAL0809,2009-02-02 00:00:00,TOR,BCH,18:05:00,8013,4650,F,36.7,17.3
PAL0809,2009-02-02 00:00:00,TOR,BCH,18:20:00,8014,4500,M,39.1,17.0
PAL0809,2009-02-02 00:00:00,TOR,BCH,18:40:00,8015,4040,F,36.4,15.8
PAL0809,2009-02-02 00:00:00,TOR,BCH,19:00:00,8016,4600,M,39.2,16.0
PAL0809,2009-02-02 00:00:00,TOR,BCH,19:20:00,8017,4710,M,43.2,18.4
PAL0910,2010-01-03 00:00:00,TOR,BCH,2100,9001,4450,F,34.5,18.3
PAL0910,2010-01-03 00:00:00,TOR,BCH,2100,9002,4900,M,38.5,19.3
PAL0910,2010-01-03 00:00:00,TOR,BCH,2100,9003,4125,F,36.8,17.0
PAL0910,2010-01-12 00:00:00,TOR,BCH,1930,9004,3700,F,38.6,17.9
PAL0910,2010-01-12 00:00:00,TOR,BCH,2000,9005,4100,M,41.8,16.5
PAL0910,2010-01-12 00:00:00,TOR,BCH,2030,9006,5000,M,37.6,19.5
PAL0910,2010-01-12 00:00:00,TOR,BCH,2100,9007,4450,F,37.4,17.5
PAL0910,2010-01-12 00:00:00,TOR,BCH,2130,9008,3650,F,38.9,18.7
PAL0910,2010-01-19 00:00:00,TOR,BCH,1900,9009,4375,F,35.5,18.5
PAL0910,2010-01-19 00:00:00,TOR,BCH,1900,9010,4550,M,38.5,18.0
PAL0910,2010-01-19 00:00:00,TOR,BCH,1900,9011,3750,F,34.5,19.4
PAL0910,2010-01-19 00:00:00,TOR,BCH,1900,9012,3850,M,38.9,18.1
PAL0910,2010-01-19 00:00:00,TOR,BCH,1900,9013,3950,M,39.0,18.0
PAL0910,2010-01-26 00:00:00,TOR,BCH,1800,9014,3950,F,37.9,18.6
PAL0910,2010-01-26 00:00:00,TOR,BCH,1800,9015,3800,M,40.2,18.3
PAL0910,2010-01-26 00:00:00,TOR,BCH,1800,9016,3450,F,33.9,15.6
PAL0910,2010-01-26 00:00:00,TOR,BCH,1800,9017,3800,F,35.8,17.8
PAL0910,2010-01-26 00:00:00,TOR,BCH,1800,9018,3975,M,41.0,17.8
PAL0910,2010-02-04 00:00:00,TOR,BCH,1800,9019,4450,F,35.5,18.1
PAL0910,2010-02-04 00:00:00,TOR,BCH,1800,9020,4175,M,38.2,18.4
PAL0910,2010-02-04 00:00:00,TOR,BCH,1800,9021,4500,M,41.1,18.2
PAL0910,2010-02-04 00:00:00,TOR,BCH,1800,9022,5025,M,43.8,17.9
PAL0910,2010-02-04 00:00:00,TOR,BCH,1800,9023,4250,F,35.2,17.2
PAL1011,2011-01-01 00:00:00,TOR,23,1840,10001,4800,M,37.1,19.0
PAL1011,2011-01-01 00:00:00,TOR,23,1840,10002,3650,F,36.9,18.0
PAL1011,2011-01-01 00:00:00,TOR,23,1840,10003,4025,F,36.8,18.2
PAL1011,2011-01-01 00:00:00,TOR,23,1840,10004,4975,M,42.2,19.2
PAL1011,2011-01-01 00:00:00,TOR,23,1840,10005,4050,M,39.7,18.5
PAL1011,2011-01-07 00:00:00,TOR,23,2030,10006,4600,M,37.6,18.1
PAL1011,2011-01-07 00:00:00,TOR,23,2030,10007,3650,F,36.2,17.4
PAL1011,2011-01-07 00:00:00,TOR,23,2030,10008,5100,M,43.3,21.0
PAL1011,2011-01-07 00:00:00,TOR,23,2030,10009,3600,F,34.3,15.3
PAL1011,2011-01-07 00:00:00,TOR,23,2030,10010,4175,F,36.0,17.4
PAL1011,2011-01-15 00:00:00,TOR,23,2000,10011,4225,F,33.0,16.6
PAL1011,2011-01-15 00:00:00,TOR,23,2000,10012,4850,M,37.5,18.5
PAL1011,2011-01-15 00:00:00,TOR,23,2000,10013,4225,F,38.8,18.3
PAL1011,2011-01-15 00:00:00,TOR,23,2000,10014,4550,M,41.8,18.7
PAL1011,2011-01-15 00:00:00,TOR,23,2000,10015,4600,M,40.8,17.6
PAL1011,2011-01-21 00:00:00,TOR,23,1900,10016,3750,F,38.1,18.2
PAL1011,2011-01-21 00:00:00,TOR,23,1900,10017,4475,F,36.0,18.2
PAL1011,2011-01-21 00:00:00,TOR,23,1900,10018,4400,M,40.2,19.9
PAL1011,2011-01-21 00:00:00,TOR,23,1900,10019,3550,F,37.7,16.7
PAL1011,2011-01-21 00:00:00,TOR,23,1900,10020,5050,M,39.5,18.0
PAL1011,2011-01-27 00:00:00,TOR,23,1900,10021,4300,M,41.5,18.6
PAL1011,2011-01-27 00:00:00,TOR,23,1900,10022,4050,F,36.7,16.6
PAL1011,2011-01-27 00:00:00,TOR,23,1900,10023,4125,F,39.7,17.1
PAL1011,2011-01-27 00:00:00,TOR,23,1900,10024,3700,F,35.8,18.3
PAL1011,2011-01-27 00:00:00,TOR,23,1900,10025,4200,M,41.3,17.8
PAL1112,2012-01-08 00:00:00,TOR,23,1940,11001,3650,F,36.7,15.5
PAL1112,2012-01-08 00:00:00,TOR,23,1940,11002,4000,M,37.6,19.2
PAL1112,2012-01-08 00:00:00,TOR,23,1940,11003,4500,M,42.1,18.0
PAL1112,2012-01-08 00:00:00,TOR,23,1940,11004,3950,F,36.0,18.8
PAL1112,2012-01-08 00:00:00,TOR,23,1940,11005,4375,M,42.8,18.8
PAL1112,1/1/92012,TOR,23,1945,11006,5100,M,38.3,18.2
PAL1112,1/1/92012,TOR,23,1945,11007,5100,M,44.6,18.7
PAL1112,1/1/92012,TOR,23,1945,11008,4650,M,36.6,18.9
PAL1112,1/1/92012,TOR,23,1945,11009,3850,F,33.5,16.8
PAL1112,1/1/92012,TOR,23,1945,11010,4050,F,36.6,16.1
PAL1112,2012-01-26 00:00:00,TOR,23,1930,11011,4200,M,41.1,19.3
PAL1112,2012-01-26 00:00:00,TOR,23,1930,11012,3700,F,36.7,17.5
PAL1112,2012-01-26 00:00:00,TOR,23,1930,11013,4150,M,39.2,17.5
PAL1112,2012-01-26 00:00:00,TOR,23,1930,11014,4000,F,36.7,17.2
PAL1112,2012-01-26 00:00:00,TOR,23,1930,11015,3400,F,32.2,14.8
PAL1213,2013-01-03 00:00:00,TOR,23,2000,12001,4700,M,47.3,20.1
PAL1213,2013-01-03 00:00:00,TOR,23,2000,12002,3600,F,39.4,16.8
PAL1213,2013-01-03 00:00:00,TOR,23,2000,12003,4300,F,38.4,17.5
PAL1213,2013-01-03 00:00:00,TOR,23,2000,12004,4400,F,36.2,18.0
PAL1213,2013-01-03 00:00:00,TOR,23,2000,12005,4300,M,43.0,18.3
PAL1213,2013-01-09 00:00:00,TOR,23,2000,12006,4150,F,37.3,18.8
PAL1213,2013-01-09 00:00:00,TOR,23,2000,12007,4150,M,40.9,19.5
PAL1213,2013-01-09 00:00:00,TOR,23,2000,12008,4300,M,38.3,18.9
PAL1213,2013-01-09 00:00:00,TOR,23,2000,12009,4600,M,40.1,19.3
PAL1213,2013-01-09 00:00:00,TOR,23,2000,12010,3950,M,40.6,18.2
PAL1213,2013-01-16 00:00:00,TOR,BCH,1900,12011,4400,M,43.2,19.9
PAL1213,2013-01-16 00:00:00,TOR,BCH,1900,12012,3500,F,33.7,17.0
PAL1213,2013-01-16 00:00:00,TOR,BCH,1900,12013,4150,M,40.0,20.6
PAL1213,2013-01-16 00:00:00,TOR,BCH,1900,12014,4250,F,35.8,15.7
PAL1213,2013-01-16 00:00:00,TOR,BCH,1900,12015,4350,M,39.6,18.6
PAL1213,2013-01-23 00:00:00,TOR,BCH,1900,12016,4150,F,38.8,18.3
PAL1213,2013-01-23 00:00:00,TOR,BCH,1900,12017,4900,M,41.8,21.0
PAL1213,2013-01-23 00:00:00,TOR,BCH,1900,12018,4100,M,39.8,18.1
PAL1213,2013-01-23 00:00:00,TOR,BCH,1900,12019,3750,M,41.6,17.8
PAL1213,2013-01-23 00:00:00,TOR,BCH,1900,12020,3900,F,38.4,17.7
PAL1213,2013-01-28 00:00:00,TOR,BCH,1930,12021,4550,M,44.1,19.7
PAL1213,2013-01-28 00:00:00,TOR,BCH,1930,12022,4000,F,36.6,18.9
PAL1213,2013-01-28 00:00:00,TOR,BCH,1930,12023,4050,F,37.7,17.8
PAL1213,2013-01-28 00:00:00,TOR,BCH,1930,12024,3950,M,39.5,19.4
PAL1213,2013-01-28 00:00:00,TOR,BCH,1930,12025,4450,F,38.2,17.9
PAL1314,2014-01-06 00:00:00,TOR,23,1943,13002,4300,M,38.4,17.5
PAL1314,2014-01-06 00:00:00,TOR,23,1943,13003,,M,40.4,17.9
PAL1314,2014-01-06 00:00:00,TOR,23,1943,13004,4400,M,40.2,18.7
PAL1314,2014-01-16 00:00:00,TOR,23,1943,13005,4150,M,40.7,18.2
PAL1314,2014-01-16 00:00:00,TOR,23,1943,13006,4600,M,37.1,20.0
PAL1314,2014-01-16 00:00:00,TOR,23,1943,13007,3750,F,31.9,15.5
PAL1314,2014-01-16 00:00:00,TOR,23,1943,13008,4000,F,35.1,16.6
PAL1314,2014-01-16 00:00:00,TOR,23,1943,13009,4575,F,35.3,17.7
PAL1314,2014-01-22 00:00:00,TOR,23,1853,13010,4300,F,37.9,18.2
PAL1314,2014-01-22 00:00:00,TOR,23,1853,13011,5400,M,37.3,18.6
PAL1314,2014-01-22 00:00:00,TOR,23,1853,13012,4950,M,41.0,17.3
PAL1314,2014-01-22 00:00:00,TOR,23,1853,13013,4575,F,37.6,16.8
PAL1314,2014-01-22 00:00:00,TOR,23,1853,13014,5000,M,42.1,18.2
PAL1314,2014-01-27 00:00:00,TOR,23,1900,13015,4550,M,37.7,19.6
PAL1314,2014-01-27 00:00:00,TOR,23,1900,13016,5000,M,41.6,19.8
PAL1314,2014-01-27 00:00:00,TOR,23,1900,13017,4100,M,39.0,18.0
PAL1314,2014-01-27 00:00:00,TOR,23,1900,13018,3900,F,36.6,17.0
PAL1314,2014-01-27 00:00:00,TOR,23,1900,13020,4000,M,38.0,19.5
PAL1314,2014-02-01 00:00:00,TOR,23,1820,13021,4850,F,38.4,16.1
PAL1314,2014-02-01 00:00:00,TOR,23,1820,13022,3875,M,42.0,18.1
PAL1314,2014-02-01 00:00:00,TOR,23,1820,12023,4900,M,41.4,18.5
PAL1314,2014-02-01 00:00:00,TOR,23,1820,13024,4500,M,37.5,19.6
PAL1314,2014-02-01 00:00:00,TOR,23,1820,13025,4625,M,44.6,19.2
PAL1415,2015-01-03 00:00:00,TOR,16,1930,14001,5150,M,44.8,20.4
PAL1415,2015-01-03 00:00:00,TOR,16,1930,14002,4175,F,37.8,16.9
PAL1415,2015-01-03 00:00:00,TOR,16,1930,14003,4900,M,43.6,20.3
PAL1415,2015-01-03 00:00:00,TOR,16,1930,14004,4675,F,37.1,19.0
PAL1415,2015-01-03 00:00:00,TOR,16,1930,14005,4850,M,40.1,19.6
PAL1415,2015-01-11 00:00:00,TOR,16,1830,14006,4150,M,39.4,16.3
PAL1415,2015-01-11 00:00:00,TOR,16,1830,14007,4350,F,37.1,18.4
PAL1415,2015-01-11 00:00:00,TOR,16,1830,14008,3650,F,37.8,17.5
PAL1415,2015-01-11 00:00:00,TOR,16,1830,14009,4600,M,40.5,19.4
PAL1415,2015-01-11 00:00:00,TOR,16,1830,14010,5100,M,42.3,18.4
PAL1415,2015-01-18 00:00:00,TOR,16,1900,14011,4650,M,39.6,18.6
PAL1415,2015-01-18 00:00:00,TOR,16,1900,14012,4250,M,41.7,20.0
PAL1415,2015-01-18 00:00:00,TOR,16,1900,14013,4750,M,40.9,19.0
PAL1415,2015-01-18 00:00:00,TOR,16,1900,14014,3850,F,34.5,16.2
PAL1415,2015-01-18 00:00:00,TOR,16,1900,14015,4950,M,40.1,18.7
PAL1415,2015-01-26 00:00:00,TOR,16,1930,14016,4100,F,36.0,17.8
PAL1415,2015-01-26 00:00:00,TOR,16,1930,14017,3525,M,44.1,18.1
PAL1415,2015-01-26 00:00:00,TOR,16,1930,14018,4550,M,37.1,17.9
PAL1415,2015-01-26 00:00:00,TOR,16,1930,14019,4000,M,37.7,17.2
PAL1415,2015-01-26 00:00:00,TOR,16,1930,14020,4250,F,36.0,17.4
PAL1415,2015-02-03 00:00:00,TOR,16,1900,14021,4800,M,41.0,19.0
PAL1415,2015-02-03 00:00:00,TOR,16,1900,14022,4300,M,42.0,18.8
PAL1415,2015-02-03 00:00:00,TOR,16,1900,14023,4350,M,39.0,17.8
PAL1415,2015-02-03 00:00:00,TOR,16,1900,14024,4100,M,40.6,18.8
PAL1415,2015-02-03 00:00:00,TOR,16,1900,14025,3850,F,35.1,16.2
PAL1415,2015-02-09 00:00:00,TOR,16,1900,14026,4000,M,39.7,18.5
PAL1415,2015-02-09 00:00:00,TOR,16,1900,14027,3500,F,33.6,16.8
PAL1516,2016-01-06 00:00:00,TOR,16,1840,15001,3900,F,38.0,18.9
PAL1516,2016-01-06 00:00:00,TOR,16,1840,15002,4550,F,38.6,19.1
PAL1516,2016-01-06 00:00:00,TOR,16,1840,15003,5600,M,45.8,20.8
PAL1516,2016-01-06 00:00:00,TOR,16,1840,15004,4700,F,37.5,18.9
PAL1516,2016-01-06 00:00:00,TOR,16,1840,15005,4800,M,41.8,19.8
PAL1516,2016-01-12 00:00:00,TOR,16,1900,15006,3600,F,37.7,18.4
PAL1516,2016-01-12 00:00:00,TOR,16,1900,15007,3300,F,34.1,15.5
PAL1516,2016-01-12 00:00:00,TOR,16,1900,15008,4300,M,38.2,19.0
PAL1516,2016-01-12 00:00:00,TOR,16,1900,15009,4100,F,36.1,16.8
PAL1516,2016-01-12 00:00:00,TOR,16,1900,15010,4300,M,40.7,18.8
PAL1516,2016-01-18 00:00:00,TOR,16,1830,15011,4100,M,40.7,19.1
PAL1516,2016-01-18 00:00:00,TOR,16,1830,15012,5300,M,42.6,18.0
PAL1516,2016-01-18 00:00:00,TOR,16,1830,15013,4600,F,35.8,16.8
PAL1516,2016-01-18 00:00:00,TOR,16,1830,15014,4200,F,36.9,17.9
PAL1516,2016-01-18 00:00:00,TOR,16,1830,15015,4300,F,38.3,17.0
PAL1516,2016-01-25 00:00:00,TOR,16,1830,15016,5300,F,38.6,19.3
PAL1516,2016-01-25 00:00:00,TOR,16,1830,15017,3700,F,34.5,15.7
PAL1516,2016-01-25 00:00:00,TOR,16,1830,15018,4600,F,36.3,17.8
PAL1516,2016-01-25 00:00:00,TOR,16,1830,15019,4700,M,42.5,18.7
PAL1516,2016-01-25 00:00:00,TOR,16,1830,15020,4600,M,43.2,19.4
PAL1617,2017-01-05 00:00:00,TOR,23,1930,16001,4100,F,36.5,17.5
PAL1617,2017-01-05 00:00:00,TOR,23,1930,16002,4100,M,38.6,19.7
PAL1617,2017-01-05 00:00:00,TOR,23,1930,16003,4450,M,40.1,18.1
PAL1617,2017-01-05 00:00:00,TOR,23,1930,16004,3750,F,37.0,18.2
PAL1617,2017-01-05 00:00:00,TOR,23,1930,16005,4100,F,35.2,18.0
PAL1617,2017-01-10 00:00:00,TOR,23,1910,16006,3650,F,35.2,17.3
PAL1617,2017-01-10 00:00:00,TOR,23,1910,16007,4650,M,39.9,18.2
PAL1617,2017-01-10 00:00:00,TOR,23,1910,16008,4200,F,37.5,16.8
PAL1617,2017-01-10 00:00:00,TOR,23,1910,16009,3800,F,33.9,15.7
PAL1617,2017-01-10 00:00:00,TOR,23,1910,16010,5350,M,39.6,18.3
PAL1617,2017-01-15 00:00:00,TOR,23,1844,16011,4950,M,39.4,18.3
PAL1617,2017-01-15 00:00:00,TOR,23,1844,16012,4500,F,34.2,17.0
PAL1617,2017-01-15 00:00:00,TOR,23,1844,16013,4450,F,37.8,18.0
PAL1617,2017-01-15 00:00:00,TOR,23,1844,16014,3900,F,37.2,19.2
PAL1617,2017-01-15 00:00:00,TOR,23,1844,16015,4350,M,39.5,19.0
PAL1617,2017-01-22 00:00:00,TOR,23,1900,16016,4500,M,39.6,18.5
PAL1617,2017-01-22 00:00:00,TOR,23,1900,16017,3550,F,38.7,16.3
PAL1617,2017-01-22 00:00:00,TOR,23,1900,16018,4950,M,39.4,18.2
PAL1617,2017-01-22 00:00:00,TOR,23,1900,16019,4750,M,41.8,18.1
PAL1617,2017-01-22 00:00:00,TOR,23,1900,16020,4600,M,39.1,19.2
PAL1718,2018-01-03 00:00:00,TOR,23,1915,17001,4550,F,38.1,18.6
PAL1718,2018-01-03 00:00:00,TOR,23,1915,17002,4000,M,43.3,18.4
PAL1718,2018-01-03 00:00:00,TOR,23,1915,17003,4200,M,38.6,18.9
PAL1718,2018-01-03 00:00:00,TOR,23,1915,17004,4450,M,39.1,18.5
PAL1718,2018-01-03 00:00:00,TOR,23,1915,17005,4000,M,40.3,17.5
PAL1718,2018-01-08 00:00:00,HUM,2,1730,17006,4050,F,36.2,17.9
PAL1718,2018-01-08 00:00:00,HUM,2,1730,17007,4400,M,38.8,17.2
PAL1718,2018-01-08 00:00:00,HUM,2,1730,17008,4650,M,39.2,18.6
PAL1718,2018-01-08 00:00:00,HUM,2,1730,17009,4800,F,33.8,18.3
PAL1718,2018-01-08 00:00:00,HUM,2,1730,17010,4950,M,40.4,20.3
PAL1718,2018-01-15 00:00:00,TOR,23,1800,17011,4950,M,36.8,18.7
PAL1718,2018-01-15 00:00:00,TOR,23,1800,17012,3900,F,36.1,17.9
PAL1718,2018-01-15 00:00:00,TOR,23,1800,17013,4300,M,39.3,19.2
PAL1718,2018-01-15 00:00:00,TOR,23,1800,17014,3850,F,38.1,18.1
PAL1718,2018-01-15 00:00:00,TOR,23,1800,17015,4200,F,37.9,20.2
PAL1718,2018-01-23 00:00:00,TOR,BCH,1730,17016,4500,F,36.2,18.1
PAL1718,2018-01-23 00:00:00,TOR,BCH,1730,17017,4350,M,39.7,19.8
PAL1718,2018-01-23 00:00:00,TOR,BCH,1730,17018,4600,M,38.5,18.7
PAL1718,2018-01-23 00:00:00,TOR,BCH,1730,17019,4150,F,36.6,17.2
PAL1718,2018-01-23 00:00:00,TOR,BCH,1730,17020,4400,M,40.0,18.5
PAL1718,2018-01-29 00:00:00,TOR,BCH,1730,17021,4750,M,39.7,18.0
PAL1718,2018-01-29 00:00:00,TOR,BCH,1730,17022,4000,F,35.3,16.8
PAL1718,2018-01-29 00:00:00,TOR,BCH,1730,17023,4150,M,40.7,18.8
PAL1718,2018-01-29 00:00:00,TOR,BCH,1730,17024,4600,M,42.0,18.0
PAL1718,2018-01-29 00:00:00,TOR,BCH,1730,17025,3900,F,37.7,18.0
PAL1819,2019-01-03 00:00:00,TOR,23,1900,18001,4350,M,39.5,18.0
PAL1819,2019-01-03 00:00:00,TOR,23,1900,18002,4450,M,40.8,17.4
PAL1819,2019-01-03 00:00:00,TOR,23,1900,18003,4400,M,41.2,21.1
PAL1819,2019-01-03 00:00:00,TOR,23,1900,18004,4550,M,37.7,18.4
PAL1819,2019-01-03 00:00:00,TOR,23,1900,18005,4150,M,41.1,21.1
PAL1819,2019-01-11 00:00:00,TOR,23,2000,18006,4450,M,41.3,18.7
PAL1819,2019-01-11 00:00:00,TOR,23,2000,18007,5000,M,40.8,19.9
PAL1819,2019-01-11 00:00:00,TOR,23,2000,18008,4250,F,35.0,18.9
PAL1819,2019-01-11 00:00:00,TOR,23,2000,18009,4750,M,40.4,19.5
PAL1819,2019-01-11 00:00:00,TOR,23,2000,18010,4025,F,35.5,19.1
PAL1819,2019-01-23 00:00:00,TOR,23,2000,18011,3950,M,38.1,18.3
PAL1819,2019-01-23 00:00:00,TOR,23,2000,18012,4000,M,39.4,18.1
PAL1819,2019-01-23 00:00:00,TOR,23,2000,18013,4100,M,43.6,19.9
PAL1819,2019-01-23 00:00:00,TOR,23,2000,18014,3950,M,42.0,19.9
PAL1819,2019-01-23 00:00:00,TOR,23,2000,18015,4150,M,41.6,18.8
PAL1819,2019-01-30 00:00:00,TOR,23,1900,18016,4750,F,34.5,17.1
PAL1819,2019-01-30 00:00:00,TOR,23,1900,18017,4650,M,41.5,18.1
PAL1819,2019-01-30 00:00:00,TOR,23,1900,18018,4000,M,40.5,18.0
PAL1819,2019-01-30 00:00:00,TOR,23,1900,18019,3750,F,35.5,17.3
PAL1819,2019-01-30 00:00:00,TOR,23,1900,18020,5100,M,42.2,19.1
PAL1819,2019-02-03 00:00:00,TOR,23,1830,18021,5200,F,36.0,17.5
PAL1819,2019-02-03 00:00:00,TOR,23,1830,18022,4200,F,36.0,17.0
PAL1819,2019-02-03 00:00:00,TOR,23,1830,18023,4650,F,34.6,15.8
PAL1819,2019-02-03 00:00:00,TOR,23,1830,18024,4150,F,34.4,19.0
PAL1819,2019-02-03 00:00:00,TOR,23,1830,18025,4400,M,41.6,19.6
PAL1920,2019-12-30 00:00:00,TOR,23,2015,19001,3650,F,36.6,17.5
PAL1920,2019-12-30 00:00:00,TOR,23,2015,19002,4200,M,40.5,18.2
PAL1920,2019-12-30 00:00:00,TOR,23,2015,19003,4650,M,39.0,18.2
PAL1920,2019-12-31 00:00:00,TOR,23,1830,19004,3900,F,33.2,18.5
PAL1920,2019-12-31 00:00:00,TOR,23,1830,19005,4150,M,39.6,18.7
PAL1920,2020-01-07 00:00:00,TOR,23,1745,19006,5000,M,39.6,21.0
PAL1920,2020-01-07 00:00:00,TOR,23,1745,19007,4700,M,42.0,19.8
PAL1920,2020-01-07 00:00:00,TOR,23,1745,19008,4350,M,43.8,19.2
PAL1920,2020-01-07 00:00:00,TOR,23,1745,19009,4250,F,35.7,18.8
PAL1920,2020-01-07 00:00:00,TOR,23,1745,19010,4200,F,36.9,16.6
PAL1920,2020-01-13 00:00:00,TOR,23,2000,19011,4950,M,40.0,19.2
PAL1920,2020-01-13 00:00:00,TOR,23,2000,19012,4600,M,40.9,20.0
PAL1920,2020-01-13 00:00:00,TOR,23,2000,19013,4350,M,40.3,17.7
PAL1920,2020-01-13 00:00:00,TOR,23,2000,19014,0,F,36.5,16.4
PAL1920,2020-01-13 00:00:00,TOR,23,2000,19015,4450,M,38.0,16.8
PAL1920,2020-01-20 00:00:00,TOR,23,1930,19016,4500,M,41.9,19.0
PAL1920,2020-01-20 00:00:00,TOR,23,1930,19017,4550,M,41.0,18.2
PAL1920,2020-01-20 00:00:00,TOR,23,1930,19018,4500,F,37.4,18.8
PAL1920,2020-01-20 00:00:00,TOR,23,1930,19019,4000,F,38.5,18.7
PAL1920,2020-01-20 00:00:00,TOR,23,1930,19020,4750,M,41.7,16.7
PAL1920,2020-01-28 00:00:00,TOR,23,1800,19021,4100,M,40.2,16.4
PAL1920,2020-01-28 00:00:00,TOR,23,1800,19022,4050,M,38.9,19.4
PAL1920,2020-01-28 00:00:00,TOR,23,1800,19023,4500,M,40.5,20.8
PAL1920,2020-01-28 00:00:00,TOR,23,1800,19024,4700,M,40.9,20.3
PAL1920,2020-01-28 00:00:00,TOR,23,1800,19025,4200,M,44.0,19.5
