studyName,Sample Number,Date,Sample Weight,E. superba Weight,Number of E. superba,T. macrura Weight,Number of T. macrura,Fish Weight,Number of Fish
PAL9192,91001,1992-01-15 00:00:00,0.0,389.0,754,0.0,0,0.0,0
PAL9192,91002,1992-01-15 00:00:00,0.0,478.0,860,0.0,0,0.0,0
PAL9192,91003,1992-01-15 00:00:00,0.0,350.0,739,0.0,0,0.0,0
PAL9192,91004,1992-01-15 00:00:00,0.0,269.0,888,0.0,0,0.0,0
PAL9192,91005,1992-01-15 00:00:00,0.0,331.0,530,0.0,0,0.0,0
PAL9192,91006,1992-01-20 00:00:00,0.0,267.0,445,0.0,0,0.0,0
PAL9192,91007,1992-01-20 00:00:00,0.0,271.0,467,0.0,0,0.0,0
PAL9192,91008,1992-01-20 00:00:00,0.0,364.0,587,0.0,0,0.0,0
PAL9192,91009,1992-01-20 00:00:00,0.0,346.0,541,0.0,0,0.0,0
PAL9192,91010,1992-01-20 00:00:00,0.0,278.0,534,0.0,0,0.0,0
PAL9192,91011,1992-01-25 00:00:00,0.0,397.0,639,0.0,0,0.0,0
PAL9192,91012,1992-01-25 00:00:00,0.0,433.0,941,0.0,0,0.0,0
PAL9192,91013,1992-01-25 00:00:00,0.0,420.0,878,0.0,0,0.0,0
PAL9192,91014,1992-01-25 00:00:00,0.0,234.0,395,234.0,2220,0.0,0
PAL9192,91015,1992-01-25 00:00:00,0.0,240.0,595,25.0,125,0.0,0
PAL9192,91016,1992-01-30 00:00:00,0.0,340.0,486,0.0,0,0.0,0
PAL9192,91017,1992-01-30 00:00:00,0.0,328.0,713,0.0,0,0.0,0
PAL9192,91018,1992-01-30 00:00:00,0.0,411.0,1013,0.0,0,0.0,0
PAL9192,91019,1992-01-30 00:00:00,0.0,349.0,428,0.0,0,0.0,0
PAL9192,91020,1992-01-30 00:00:00,0.0,293.0,670,0.0,0,0.0,0
PAL9192,91021,1992-02-04 00:00:00,0.0,455.0,565,0.0,0,0.0,0
PAL9192,91022,1992-02-04 00:00:00,0.0,509.0,1034,0.0,0,0.0,0
PAL9192,91023,1992-02-04 00:00:00,0.0,660.0,1022,0.0,0,5.0,2
PAL9192,91024,1992-02-04 00:00:00,0.0,355.0,619,0.0,0,0.0,0
PAL9192,91025,1992-02-04 00:00:00,0.0,430.0,862,0.0,0,1.0,2
PAL9192,91026,1992-02-09 00:00:00,0.0,400.0,552,0.0,0,7.0,1
PAL9192,91027,1992-02-09 00:00:00,0.0,855.0,1450,0.0,0,2.0,1
PAL9192,91028,1992-02-09 00:00:00,0.0,570.0,1123,0.0,0,1.0,1
PAL9192,91029,1992-02-09 00:00:00,0.0,359.0,530,0.0,0,0.0,0
PAL9192,91030,1992-02-09 00:00:00,0.0,401.0,1088,0.0,0,0.0,0
PAL9192,91031,1992-02-14 00:00:00,0.0,300.0,587,0.0,0,2.0,1
PAL9192,91032,1992-02-14 00:00:00,0.0,806.0,1612,0.0,0,0.0,0
PAL9192,91033,1992-02-14 00:00:00,0.0,760.0,760,0.0,0,0.0,0
PAL9192,91034,1992-02-14 00:00:00,0.0,357.0,515,0.0,0,0.0,0
PAL9192,91035,1992-02-14 00:00:00,0.0,478.0,933,0.0,0,0.0,0
PAL9192,91036,1992-02-19 00:00:00,0.0,336.0,519,0.0,0,0.0,0
PAL9192,91037,1992-02-19 00:00:00,0.0,251.0,396,0.0,0,0.0,0
PAL9192,91038,1992-02-19 00:00:00,0.0,445.0,662,0.0,0,0.0,0
PAL9192,91039,1992-02-19 00:00:00,0.0,371.0,468,0.0,0,0.0,0
PAL9192,91040,1992-02-19 00:00:00,0.0,315.0,612,0.0,0,1.0,2
PAL9293,92001,1993-01-11 00:00:00,439.0,624.0,1376,0.0,0,0.0,0
PAL9293,92002,1993-01-11 00:00:00,212.0,390.0,650,0.0,0,0.0,0
PAL9293,92003,1993-01-11 00:00:00,220.0,466.0,645,0.0,0,0.0,0
PAL9293,92004,1993-01-11 00:00:00,247.0,350.0,569,0.0,0,0.0,0
PAL9293,92005,1993-01-11 00:00:00,113.0,141.0,329,0.0,0,0.0,0
PAL9293,92006,1993-01-19 00:00:00,157.0,157.0,547,0.0,0,0.0,0
PAL9293,92007,1993-01-19 00:00:00,207.0,207.0,759,0.0,0,0.0,0
PAL9293,92008,1993-01-19 00:00:00,350.0,350.0,1203,0.0,0,0.0,0
PAL9293,92009,1993-01-19 00:00:00,171.0,171.0,617,0.0,0,0.0,0
PAL9293,92010,1993-01-19 00:00:00,187.0,187.0,556,0.0,0,0.0,0
PAL9293,92011,1993-01-23 00:00:00,246.0,297.0,1025,0.0,0,0.0,0
PAL9293,92012,1993-01-23 00:00:00,216.0,216.0,888,0.0,0,0.0,0
PAL9293,92013,1993-01-23 00:00:00,140.0,174.0,514,0.0,0,0.0,0
PAL9293,92014,1993-01-23 00:00:00,137.0,211.0,594,0.0,0,0.0,0
PAL9293,92015,1993-01-23 00:00:00,174.0,198.0,526,0.0,0,0.0,0
PAL9293,92016,1993-01-30 00:00:00,145.0,239.0,453,0.0,0,0.0,0
PAL9293,92017,1993-01-30 00:00:00,216.0,563.0,728,0.0,0,0.0,0
PAL9293,92018,1993-01-30 00:00:00,166.0,418.0,462,0.0,0,0.0,0
PAL9293,92019,1993-01-30 00:00:00,199.0,566.0,448,0.0,0,0.0,0
PAL9293,92020,1993-01-30 00:00:00,182.0,357.0,757,0.0,0,0.0,0
PAL9293,92021,1993-02-04 00:00:00,213.0,446.0,617,0.0,0,0.0,0
PAL9293,92022,1993-02-04 00:00:00,199.0,199.0,630,0.0,0,0.0,0
PAL9293,92023,1993-02-04 00:00:00,260.0,738.0,781,0.0,0,0.0,0
PAL9293,92024,1993-02-04 00:00:00,367.0,479.0,1099,0.0,0,0.0,0
PAL9293,92025,1993-02-04 00:00:00,176.0,340.0,527,0.0,0,0.0,0
PAL9293,92026,1993-02-09 00:00:00,260.0,404.0,753,0.0,0,0.0,0
PAL9293,92027,1993-02-09 00:00:00,253.0,355.0,605,0.0,0,0.0,0
PAL9293,92028,1993-02-09 00:00:00,254.0,414.0,650,0.0,0,0.0,0
PAL9293,92029,1993-02-09 00:00:00,190.0,342.0,494,0.0,0,0.0,0
PAL9293,92030,1993-02-09 00:00:00,199.0,430.0,415,0.0,0,0.0,0
PAL9293,92031,1993-02-14 00:00:00,179.0,324.0,358,0.0,0,39.0,1
PAL9293,92032,1993-02-14 00:00:00,215.0,30.0,77,185.0,231,39.0,1
PAL9293,92033,1993-02-14 00:00:00,209.0,363.0,559,0.0,0,2.0,1
PAL9293,92034,1993-02-14 00:00:00,277.0,518.0,604,0.0,0,1.0,1
PAL9293,92035,1993-02-14 00:00:00,211.0,339.0,460,0.0,0,0.0,0
PAL9293,92036,1993-02-19 00:00:00,170.0,520.0,354,0.0,0,0.0,0
PAL9293,92037,1993-02-19 00:00:00,169.0,285.0,367,0.0,0,4.0,1
PAL9293,92038,1993-02-19 00:00:00,235.0,435.0,490,0.0,0,13.0,1
PAL9293,92039,1993-02-19 00:00:00,205.0,415.0,466,0.0,0,0.0,0
PAL9293,92040,1993-02-19 00:00:00,397.0,489.0,818,120.0,2454,0.0,0
PAL9394,93001,1994-01-11 00:00:00,255.0,484.0,405,0.0,0,0.0,0
PAL9394,93002,1994-01-11 00:00:00,188.0,592.0,470,0.0,0,0.0,0
PAL9394,93003,1994-01-11 00:00:00,315.0,315.0,814,0.0,0,0.0,0
PAL9394,93004,1994-01-11 00:00:00,233.0,364.0,561,0.0,0,0.0,0
PAL9394,93005,1994-01-11 00:00:00,107.0,238.0,218,0.0,0,0.0,0
PAL9394,93006,1994-01-16 00:00:00,148.0,393.0,400,0.0,0,0.0,0
PAL9394,93007,1994-01-16 00:00:00,233.0,468.0,431,0.0,0,0.0,0
PAL9394,93008,1994-01-16 00:00:00,152.0,412.0,385,0.0,0,0.0,0
PAL9394,93009,1994-01-16 00:00:00,146.0,256.0,280,0.0,0,0.0,0
PAL9394,93010,1994-01-16 00:00:00,340.0,605.0,657,0.0,0,0.0,0
PAL9394,93011,1994-01-21 00:00:00,138.0,258.0,296,0.0,0,0.0,0
PAL9394,93012,1994-01-21 00:00:00,185.0,415.0,353,0.0,0,0.0,0
PAL9394,93013,1994-01-21 00:00:00,166.0,481.0,368,0.0,0,0.0,0
PAL9394,93014,1994-01-21 00:00:00,135.0,565.0,355,0.0,0,0.0,0
PAL9394,93015,1994-01-21 00:00:00,71.0,71.0,132,0.0,0,0.0,0
PAL9394,93016,1994-01-26 00:00:00,383.0,383.0,926,0.0,0,0.0,0
PAL9394,93017,1994-01-26 00:00:00,150.0,150.0,375,0.0,0,0.0,0
PAL9394,93018,1994-01-26 00:00:00,207.0,332.0,391,0.0,0,0.0,0
PAL9394,93019,1994-01-26 00:00:00,181.0,361.0,427,0.0,0,0.0,0
PAL9394,93020,1994-01-26 00:00:00,207.0,207.0,414,0.0,0,0.0,0
PAL9394,93021,1994-02-01 00:00:00,211.0,306.0,440,0.0,0,0.0,0
PAL9394,93022,1994-02-01 00:00:00,191.0,351.0,392,0.0,0,0.0,0
PAL9394,93023,1994-02-01 00:00:00,186.0,281.0,465,0.0,0,0.0,0
PAL9394,93024,1994-02-01 00:00:00,349.0,489.0,632,0.0,0,0.0,0
PAL9394,93025,1994-02-01 00:00:00,181.0,241.0,461,0.0,0,0.0,0
PAL9394,93026,1994-02-07 00:00:00,145.0,356.0,294,14.0,168,1.0,1
PAL9394,93027,1994-02-07 00:00:00,196.0,361.0,377,20.0,240,0.0,0
PAL9394,93028,1994-02-07 00:00:00,188.0,404.0,348,19.0,228,0.0,0
PAL9394,93029,1994-02-07 00:00:00,129.0,276.0,280,13.0,156,0.0,0
PAL9394,93030,1994-02-07 00:00:00,257.0,617.0,490,0.0,0,0.0,0
PAL9394,93031,1994-02-13 00:00:00,145.0,185.0,290,0.0,0,0.0,0
PAL9394,93032,1994-02-13 00:00:00,189.0,609.0,363,0.0,0,0.0,0
PAL9394,93033,1994-02-13 00:00:00,378.0,378.0,727,0.0,0,0.0,0
PAL9394,93034,1994-02-13 00:00:00,188.0,398.0,368,21.0,252,0.0,0
PAL9394,93035,1994-02-13 00:00:00,351.0,351.0,650,0.0,0,0.0,0
PAL9394,93036,1994-02-18 00:00:00,162.0,372.0,352,0.0,0,0.0,0
PAL9394,93037,1994-02-18 00:00:00,239.0,215.0,498,184.0,1288,2.0,1
PAL9394,93038,1994-02-18 00:00:00,290.0,410.0,498,24.0,288,2.0,1
PAL9394,93039,1994-02-18 00:00:00,289.0,809.0,501,0.0,0,0.0,0
PAL9394,93040,1994-02-18 00:00:00,161.0,286.0,355,0.0,0,0.0,0
PAL9495,94001,1995-01-11 00:00:00,0.0,344.0,1222,10.0,120,0.0,0
PAL9495,94002,1995-01-11 00:00:00,0.0,2.0,7,287.0,3444,0.0,0
PAL9495,94003,1995-01-11 00:00:00,0.0,262.0,528,0.0,0,0.0,0
PAL9495,94004,1995-01-11 00:00:00,192.0,344.0,453,0.0,0,0.0,0
PAL9495,94005,1995-01-11 00:00:00,258.0,478.0,848,0.0,0,0.0,0
PAL9495,94006,1995-01-17 00:00:00,252.0,392.0,695,0.0,0,0.0,0
PAL9495,94007,1995-01-17 00:00:00,163.0,26.0,62,141.0,1765,0.0,0
PAL9495,94008,1995-01-17 00:00:00,247.0,572.0,512,0.0,0,0.0,0
PAL9495,94009,1995-01-17 00:00:00,303.0,300.0,560,303.0,3755,0.0,0
PAL9495,94010,1995-01-17 00:00:00,80.0,210.0,162,0.0,0,0.0,0
PAL9495,94011,1995-01-22 00:00:00,184.0,52.0,155,352.0,1900,0.0,0
PAL9495,94012,1995-01-22 00:00:00,200.0,320.0,401,0.0,0,0.0,0
PAL9495,94013,1995-01-22 00:00:00,234.0,659.0,468,0.0,0,0.0,0
PAL9495,94014,1995-01-22 00:00:00,225.0,360.0,468,0.0,0,0.0,0
PAL9495,94015,1995-01-22 00:00:00,350.0,588.0,811,0.0,0,2.0,1
PAL9495,94016,1995-01-27 00:00:00,184.0,654.0,340,0.0,0,0.0,0
PAL9495,94017,1995-01-27 00:00:00,355.0,825.0,553,0.0,0,0.0,0
PAL9495,94018,1995-01-27 00:00:00,206.0,336.0,418,0.0,0,0.0,0
PAL9495,94019,1995-01-27 00:00:00,250.0,440.0,469,0.0,0,0.0,0
PAL9495,94020,1995-01-27 00:00:00,168.0,445.0,197,65.0,780,3.0,1
PAL9495,94021,1995-02-02 00:00:00,253.0,603.0,441,0.0,0,0.0,0
PAL9495,94022,1995-02-02 00:00:00,188.0,240.0,180,57.0,444,1.0,1
PAL9495,94023,1995-02-02 00:00:00,232.0,332.0,365,0.0,0,0.0,0
PAL9495,94024,1995-02-02 00:00:00,211.0,541.0,361,0.0,0,0.0,0
PAL9495,94025,1995-02-02 00:00:00,252.0,612.0,449,0.0,0,0.0,0
PAL9495,94026,1995-02-06 00:00:00,207.0,327.0,421,0.0,0,0.0,0
PAL9495,94027,1995-02-06 00:00:00,285.0,765.0,570,0.0,0,0.0,0
PAL9495,94028,1995-02-06 00:00:00,171.0,415.0,256,1.0,12,0.0,0
PAL9495,94029,1995-02-06 00:00:00,184.0,514.0,374,0.0,0,0.0,0
PAL9495,94030,1995-02-06 00:00:00,208.0,403.0,416,0.0,0,0.0,0
PAL9495,94031,1995-02-13 00:00:00,218.0,461.0,383,1.0,12,1.0,1
PAL9495,94032,1995-02-13 00:00:00,328.0,738.0,586,0.0,0,0.0,0
PAL9495,94033,1995-02-13 00:00:00,103.0,102.0,170,0.0,0,1.0,1
PAL9495,94034,1995-02-13 00:00:00,317.0,706.0,540,0.0,0,1.0,1
PAL9495,94035,1995-02-13 00:00:00,229.0,473.0,133,0.0,0,6.0,1
PAL9495,94036,1995-02-18 00:00:00,212.0,416.0,360,0.0,0,1.0,1
PAL9495,94037,1995-02-18 00:00:00,218.0,366.0,454,1.0,12,1.0,1
PAL9495,94038,1995-02-18 00:00:00,207.0,372.0,404,0.0,0,0.0,0
PAL9495,94039,1995-02-18 00:00:00,136.0,344.0,230,1.0,12,0.0,0
PAL9495,94040,1995-02-18 00:00:00,247.0,427.0,477,0.0,0,0.0,0
PAL9596,95001,1996-01-11 00:00:00,195.0,195.0,287,0.0,0,0.0,0
PAL9596,95002,1996-01-11 00:00:00,191.0,191.0,224,0.0,0,0.0,0
PAL9596,95003,1996-01-11 00:00:00,147.0,342.0,220,0.0,0,0.0,0
PAL9596,95004,1996-01-11 00:00:00,215.0,215.0,328,0.0,0,0.0,0
PAL9596,95005,1996-01-11 00:00:00,243.0,238.0,466,5.0,60,0.0,0
PAL9596,95006,1996-01-16 00:00:00,185.0,185.0,289,0.0,0,0.0,0
PAL9596,95007,1996-01-16 00:00:00,213.0,213.0,713,0.0,0,0.0,0
PAL9596,95008,1996-01-16 00:00:00,272.0,270.0,350,0.0,0,2.0,1
PAL9596,95009,1996-01-16 00:00:00,204.0,203.0,392,0.0,0,1.0,1
PAL9596,95010,1996-01-16 00:00:00,197.0,195.0,338,0.0,0,1.0,1
PAL9596,95011,1996-01-22 00:00:00,300.0,300.0,988,0.0,0,0.0,0
PAL9596,95012,1996-01-22 00:00:00,65.0,212.0,528,0.0,0,15.0,1
PAL9596,95013,1996-01-22 00:00:00,332.0,332.0,690,0.0,0,0.0,0
PAL9596,95014,1996-01-22 00:00:00,379.0,187.0,291,187.0,2244,2.0,1
PAL9596,95015,1996-01-22 00:00:00,259.0,343.0,687,150.0,1800,3.0,1
PAL9596,95016,1996-01-27 00:00:00,215.0,349.0,860,0.0,0,1.0,1
PAL9596,95017,1996-01-27 00:00:00,277.0,276.0,426,0.0,0,0.0,0
PAL9596,95018,1996-01-27 00:00:00,259.0,259.0,426,0.0,0,0.0,0
PAL9596,95019,1996-01-27 00:00:00,175.0,115.0,175,58.0,696,0.0,0
PAL9596,95020,1996-01-27 00:00:00,155.0,153.0,220,58.0,696,0.0,0
PAL9596,95021,1996-02-01 00:00:00,140.0,49.0,42,108.0,1296,0.0,0
PAL9596,95022,1996-02-01 00:00:00,203.0,192.0,358,0.0,0,21.0,1
PAL9596,95023,1996-02-01 00:00:00,137.0,129.0,168,0.0,0,8.0,1
PAL9596,95024,1996-02-01 00:00:00,141.0,160.0,267,0.0,0,1.0,1
PAL9596,95025,1996-02-01 00:00:00,237.0,601.0,314,0.0,0,6.0,1
PAL9596,95026,1996-02-06 00:00:00,191.0,190.0,278,0.0,0,0.0,0
PAL9596,95027,1996-02-06 00:00:00,245.0,241.0,448,0.0,0,3.0,1
PAL9596,95028,1996-02-06 00:00:00,130.0,130.0,159,0.0,0,0.0,0
PAL9596,95029,1996-02-06 00:00:00,258.0,248.0,810,0.0,0,0.0,0
PAL9596,95030,1996-02-06 00:00:00,141.0,141.0,371,0.0,0,0.0,0
PAL9596,95031,1996-02-11 00:00:00,150.0,300.0,342,0.0,0,0.0,0
PAL9596,95032,1996-02-11 00:00:00,232.0,356.0,576,0.0,0,6.0,1
PAL9596,95033,1996-02-11 00:00:00,166.0,161.0,540,0.0,0,4.0,1
PAL9596,95034,1996-02-11 00:00:00,154.0,140.0,190,2.0,24,10.0,3
PAL9596,95035,1996-02-11 00:00:00,152.0,297.0,395,0.0,0,0.0,0
PAL9596,95036,1996-02-17 00:00:00,142.0,227.0,336,0.0,0,0.0,0
PAL9596,95037,1996-02-17 00:00:00,209.0,22.0,12,388.0,3860,2.0,1
PAL9596,95038,1996-02-17 00:00:00,162.0,120.0,214,27.0,540,8.0,1
PAL9596,95039,1996-02-17 00:00:00,287.0,427.0,411,0.0,0,10.0,1
PAL9596,95040,1996-02-17 00:00:00,366.0,366.0,610,0.0,0,0.0,0
PAL9697,96001,1997-01-06 00:00:00,109.0,109.0,509,0.0,0,0.0,0
PAL9697,96002,1997-01-06 00:00:00,144.0,399.0,669,0.0,0,0.0,0
PAL9697,96003,1997-01-06 00:00:00,193.0,193.0,660,0.0,0,0.0,0
PAL9697,96004,1997-01-06 00:00:00,198.0,468.0,737,0.0,0,0.0,0
PAL9697,96005,1997-01-06 00:00:00,124.0,324.0,653,0.0,0,0.0,0
PAL9697,96006,1997-01-11 00:00:00,160.0,160.0,475,1.0,12,0.0,0
PAL9697,96007,1997-01-11 00:00:00,145.0,205.0,495,0.0,0,0.0,0
PAL9697,96008,1997-01-11 00:00:00,203.0,297.0,783,1.0,12,0.0,0
PAL9697,96009,1997-01-11 00:00:00,182.0,292.0,480,0.0,0,0.0,0
PAL9697,96010,1997-01-11 00:00:00,157.0,405.0,758,1.0,12,0.0,0
PAL9697,96011,1997-01-16 00:00:00,265.0,380.0,966,0.0,0,0.0,0
PAL9697,96012,1997-01-16 00:00:00,187.0,367.0,655,0.0,0,0.0,0
PAL9697,96013,1997-01-16 00:00:00,180.0,180.0,643,0.0,0,0.0,0
PAL9697,96014,1997-01-16 00:00:00,235.0,400.0,552,0.0,0,0.0,0
PAL9697,96015,1997-01-16 00:00:00,307.0,562.0,876,0.0,0,0.0,0
PAL9697,96016,1997-01-21 00:00:00,283.0,583.0,1184,0.0,0,0.0,0
PAL9697,96017,1997-01-21 00:00:00,87.0,87.0,423,0.0,0,0.0,0
PAL9697,96018,1997-01-21 00:00:00,212.0,362.0,534,0.0,0,0.0,0
PAL9697,96019,1997-01-21 00:00:00,167.0,277.0,705,0.0,0,0.0,0
PAL9697,96020,1997-01-21 00:00:00,321.0,411.0,988,0.0,0,0.0,0
PAL9697,96021,1997-01-26 00:00:00,270.0,270.0,855,0.0,0,0.0,0
PAL9697,96022,1997-01-26 00:00:00,202.0,450.0,757,0.0,0,2.0,1
PAL9697,96023,1997-01-26 00:00:00,275.0,400.0,670,225.0,2700,0.0,0
PAL9697,96024,1997-01-26 00:00:00,320.0,400.0,852,245.0,2940,0.0,0
PAL9697,96025,1997-01-26 00:00:00,214.0,354.0,1095,0.0,0,0.0,0
PAL9697,96026,1997-01-31 00:00:00,199.0,669.0,730,0.0,0,0.0,0
PAL9697,96027,1997-01-31 00:00:00,235.0,695.0,847,0.0,0,0.0,0
PAL9697,96028,1997-01-31 00:00:00,185.0,235.0,672,0.0,0,0.0,0
PAL9697,96029,1997-01-31 00:00:00,376.0,476.0,1547,0.0,0,0.0,0
PAL9697,96030,1997-01-31 00:00:00,136.0,286.0,335,0.0,0,0.0,0
PAL9697,96031,1997-02-05 00:00:00,273.0,698.0,1330,0.0,0,0.0,0
PAL9697,96032,1997-02-05 00:00:00,129.0,194.0,282,0.0,0,0.0,0
PAL9697,96033,1997-02-05 00:00:00,249.0,457.0,863,0.0,0,2.0,1
PAL9697,96034,1997-02-05 00:00:00,260.0,530.0,660,0.0,0,0.0,0
PAL9697,96035,1997-02-05 00:00:00,323.0,502.0,607,0.0,0,1.0,1
PAL9697,96036,1997-02-10 00:00:00,317.0,697.0,704,0.0,0,0.0,0
PAL9697,96037,1997-02-10 00:00:00,202.0,462.0,808,0.0,0,0.0,0
PAL9697,96038,1997-02-10 00:00:00,221.0,351.0,654,0.0,0,0.0,0
PAL9697,96039,1997-02-10 00:00:00,271.0,271.0,892,0.0,0,0.0,0
PAL9697,96040,1997-02-10 00:00:00,216.0,626.0,816,0.0,0,0.0,0
PAL9697,96041,1997-02-15 00:00:00,320.0,420.0,1341,0.0,0,0.0,0
PAL9697,96042,1997-02-15 00:00:00,246.0,346.0,666,0.0,0,0.0,0
PAL9697,96043,1997-02-15 00:00:00,135.0,145.0,464,0.0,0,0.0,0
PAL9697,96044,1997-02-15 00:00:00,146.0,271.0,504,0.0,0,0.0,0
PAL9697,96045,1997-02-15 00:00:00,275.0,374.0,921,0.0,0,1.0,1
PAL9798,97001,1998-01-06 00:00:00,142.0,177.0,525,0.0,0,0.0,0
PAL9798,97002,1998-01-06 00:00:00,174.0,289.0,568,0.0,0,0.0,0
PAL9798,97003,1998-01-06 00:00:00,163.0,243.0,720,0.0,0,0.0,0
PAL9798,97004,1998-01-06 00:00:00,142.0,177.0,828,0.0,0,0.0,0
PAL9798,97005,1998-01-06 00:00:00,187.0,232.0,1201,0.0,0,0.0,0
PAL9798,97006,1998-01-11 00:00:00,439.0,434.0,1598,60.0,720,0.0,0
PAL9798,97007,1998-01-11 00:00:00,192.0,422.0,658,0.0,0,0.0,0
PAL9798,97008,1998-01-11 00:00:00,109.0,158.0,402,16.0,192,0.0,0
PAL9798,97009,1998-01-11 00:00:00,230.0,305.0,829,0.0,0,0.0,0
PAL9798,97010,1998-01-11 00:00:00,137.0,116.0,505,20.0,240,0.0,0
PAL9798,97011,1998-01-16 00:00:00,103.0,103.0,511,0.0,0,0.0,0
PAL9798,97012,1998-01-16 00:00:00,134.0,444.0,433,0.0,0,0.0,0
PAL9798,97013,1998-01-16 00:00:00,110.0,110.0,448,0.0,0,0.0,0
PAL9798,97014,1998-01-16 00:00:00,280.0,385.0,1444,0.0,0,0.0,0
PAL9798,97015,1998-01-16 00:00:00,232.0,232.0,899,0.0,0,0.0,0
PAL9798,97016,1998-01-21 00:00:00,240.0,420.0,707,0.0,0,0.0,0
PAL9798,97017,1998-01-21 00:00:00,202.0,522.0,673,0.0,0,0.0,0
PAL9798,97018,1998-01-21 00:00:00,235.0,455.0,673,0.0,0,0.0,0
PAL9798,97019,1998-01-21 00:00:00,265.0,485.0,964,0.0,0,0.0,0
PAL9798,97020,1998-01-21 00:00:00,200.0,550.0,722,0.0,0,0.0,0
PAL9798,97021,1998-01-26 00:00:00,195.0,365.0,498,0.0,0,0.0,0
PAL9798,97022,1998-01-26 00:00:00,187.0,437.0,907,0.0,0,0.0,0
PAL9798,97023,1998-01-26 00:00:00,238.0,238.0,849,0.0,0,0.0,0
PAL9798,97024,1998-01-26 00:00:00,142.0,342.0,455,0.0,0,0.0,0
PAL9798,97025,1998-01-26 00:00:00,275.0,305.0,1372,0.0,0,0.0,0
PAL9798,97026,1998-01-31 00:00:00,153.0,278.0,464,0.0,0,0.0,0
PAL9798,97027,1998-01-31 00:00:00,182.0,342.0,609,0.0,0,0.0,0
PAL9798,97028,1998-01-31 00:00:00,221.0,220.0,684,0.0,0,0.0,0
PAL9798,97029,1998-01-31 00:00:00,164.0,289.0,481,0.0,0,0.0,0
PAL9798,97030,1998-01-31 00:00:00,222.0,546.0,610,0.0,0,0.0,0
PAL9798,97031,1998-02-05 00:00:00,286.0,441.0,868,0.0,0,0.0,0
PAL9798,97032,1998-02-05 00:00:00,196.0,306.0,567,0.0,0,0.0,0
PAL9798,97033,1998-02-05 00:00:00,249.0,503.0,686,0.0,0,0.0,0
PAL9798,97034,1998-02-05 00:00:00,330.0,390.0,1143,0.0,0,0.0,0
PAL9798,97035,1998-02-05 00:00:00,176.0,205.0,585,0.0,0,0.0,0
PAL9798,97036,1998-02-10 00:00:00,180.0,340.0,401,0.0,0,0.0,0
PAL9798,97037,1998-02-10 00:00:00,272.0,448.0,693,99.0,1188,0.0,0
PAL9798,97038,1998-02-10 00:00:00,196.0,193.0,282,128.0,1536,0.0,0
PAL9798,97039,1998-02-10 00:00:00,107.0,457.0,479,0.0,0,0.0,0
PAL9798,97040,1998-02-10 00:00:00,175.0,500.0,462,0.0,0,0.0,0
PAL9798,97041,1998-02-15 00:00:00,228.0,318.0,638,0.0,0,0.0,0
PAL9798,97042,1998-02-15 00:00:00,218.0,343.0,685,0.0,0,0.0,0
PAL9798,97043,1998-02-15 00:00:00,229.0,404.0,640,0.0,0,0.0,0
PAL9798,97044,1998-02-15 00:00:00,239.0,364.0,718,0.0,0,0.0,0
PAL9798,97045,1998-02-15 00:00:00,363.0,387.0,995,0.0,0,1.0,1
PAL9798,97046,1998-02-20 00:00:00,240.0,289.0,577,0.0,0,1.0,1
PAL9798,97047,1998-02-20 00:00:00,126.0,126.0,372,0.0,0,0.0,0
PAL9798,97048,1998-02-20 00:00:00,253.0,368.0,659,0.0,0,10.0,1
PAL9798,97049,1998-02-20 00:00:00,175.0,200.0,447,0.0,0,0.0,0
PAL9798,97050,1998-02-20 00:00:00,192.0,397.0,532,0.0,0,0.0,0
PAL9899,98001,1999-01-06 00:00:00,154.0,404.0,500,0.0,0,0.0,0
PAL9899,98002,1999-01-06 00:00:00,148.0,413.0,436,0.0,0,0.0,0
PAL9899,98003,1999-01-06 00:00:00,199.0,379.0,668,0.0,0,0.0,0
PAL9899,98004,1999-01-06 00:00:00,180.0,205.0,402,0.0,0,0.0,0
PAL9899,98005,1999-01-06 00:00:00,144.0,285.0,435,0.0,0,0.0,0
PAL9899,98006,1999-01-11 00:00:00,208.0,398.0,627,0.0,0,0.0,0
PAL9899,98007,1999-01-11 00:00:00,139.0,244.0,443,0.0,0,0.0,0
PAL9899,98008,1999-01-11 00:00:00,161.0,316.0,433,0.0,0,0.0,0
PAL9899,98009,1999-01-11 00:00:00,210.0,340.0,520,0.0,0,0.0,0
PAL9899,98010,1999-01-11 00:00:00,139.0,279.0,325,0.0,0,0.0,0
PAL9899,98011,1999-01-16 00:00:00,204.0,394.0,614,0.0,0,0.0,0
PAL9899,98012,1999-01-16 00:00:00,173.0,573.0,499,0.0,0,0.0,0
PAL9899,98013,1999-01-16 00:00:00,197.0,312.0,555,30.0,330,0.0,0
PAL9899,98014,1999-01-16 00:00:00,276.0,401.0,618,0.0,0,0.0,0
PAL9899,98015,1999-01-16 00:00:00,166.0,336.0,473,0.0,0,0.0,0
PAL9899,98016,1999-01-21 00:00:00,206.0,185.0,499,70.0,770,1.0,1
PAL9899,98017,1999-01-21 00:00:00,257.0,357.0,731,0.0,0,0.0,0
PAL9899,98018,1999-01-21 00:00:00,153.0,343.0,485,0.0,0,0.0,0
PAL9899,98019,1999-01-21 00:00:00,159.0,259.0,371,0.0,0,0.0,0
PAL9899,98020,1999-01-21 00:00:00,240.0,640.0,447,0.0,0,0.0,0
PAL9899,98021,1999-01-26 00:00:00,160.0,310.0,387,0.0,0,0.0,0
PAL9899,98022,1999-01-26 00:00:00,249.0,364.0,629,0.0,0,0.0,0
PAL9899,98023,1999-01-26 00:00:00,146.0,321.0,355,0.0,0,0.0,0
PAL9899,98024,1999-01-26 00:00:00,208.0,358.0,695,0.0,0,0.0,0
PAL9899,98025,1999-01-26 00:00:00,225.0,450.0,603,0.0,0,0.0,0
PAL9899,98026,1999-02-01 00:00:00,263.0,368.0,510,0.0,0,0.0,0
PAL9899,98027,1999-02-01 00:00:00,183.0,393.0,434,0.0,0,0.0,0
PAL9899,98028,1999-02-01 00:00:00,318.0,452.0,938,0.0,0,0.0,0
PAL9899,98029,1999-02-01 00:00:00,207.0,357.0,553,0.0,0,0.0,0
PAL9899,98030,1999-02-01 00:00:00,272.0,442.0,640,0.0,0,0.0,0
PAL9899,98031,1999-02-05 00:00:00,204.0,204.0,476,0.0,0,0.0,0
PAL9899,98032,1999-02-05 00:00:00,218.0,388.0,544,0.0,0,0.0,0
PAL9899,98033,1999-02-05 00:00:00,136.0,241.0,344,0.0,0,0.0,0
PAL9899,98034,1999-02-05 00:00:00,138.0,263.0,305,0.0,0,0.0,0
PAL9899,98035,1999-02-05 00:00:00,152.0,297.0,335,0.0,0,0.0,0
PAL9899,98036,1999-02-11 00:00:00,451.0,501.0,928,0.0,0,0.0,0
PAL9899,98037,1999-02-11 00:00:00,258.0,393.0,544,0.0,0,0.0,0
PAL9899,98038,1999-02-11 00:00:00,245.0,320.0,481,0.0,0,0.0,0
PAL9899,98039,1999-02-11 00:00:00,279.0,469.0,507,0.0,0,0.0,0
PAL9899,98040,1999-02-11 00:00:00,181.0,296.0,411,0.0,0,0.0,0
PAL9899,98041,1999-02-16 00:00:00,268.0,528.0,536,0.0,0,0.0,0
PAL9899,98042,1999-02-16 00:00:00,116.0,116.0,243,0.0,0,0.0,0
PAL9899,98043,1999-02-16 00:00:00,149.0,249.0,282,0.0,0,0.0,0
PAL9899,98044,1999-02-16 00:00:00,230.0,230.0,512,0.0,0,0.0,0
PAL9899,98045,1999-02-16 00:00:00,211.0,261.0,445,0.0,0,0.0,0
PAL9900,99001,2000-01-09 00:00:00,189.0,419.0,335,0.0,0,0.0,0
PAL9900,99002,2000-01-09 00:00:00,120.0,120.0,208,0.0,0,0.0,0
PAL9900,99003,2000-01-09 00:00:00,224.0,274.0,432,0.0,0,0.0,0
PAL9900,99004,2000-01-09 00:00:00,199.0,284.0,391,0.0,0,0.0,0
PAL9900,99005,2000-01-09 00:00:00,211.0,211.0,420,0.0,0,0.0,0
PAL9900,99006,2000-01-13 00:00:00,294.0,294.0,428,0.0,0,0.0,0
PAL9900,99007,2000-01-13 00:00:00,129.0,129.0,189,0.0,0,0.0,0
PAL9900,99008,2000-01-13 00:00:00,285.0,577.0,549,0.0,0,0.0,0
PAL9900,99009,2000-01-13 00:00:00,142.0,245.0,282,0.0,0,0.0,0
PAL9900,99010,2000-01-13 00:00:00,245.0,585.0,331,0.0,0,0.0,0
PAL9900,99011,2000-01-18 00:00:00,206.0,286.0,287,0.0,0,0.0,0
PAL9900,99012,2000-01-18 00:00:00,254.0,454.0,395,0.0,0,0.0,0
PAL9900,99013,2000-01-18 00:00:00,153.0,333.0,219,0.0,0,0.0,0
PAL9900,99014,2000-01-18 00:00:00,157.0,312.0,348,0.0,0,0.0,0
PAL9900,99015,2000-01-18 00:00:00,195.0,315.0,239,0.0,0,0.0,0
PAL9900,99016,2000-01-25 00:00:00,208.0,208.0,356,0.0,0,0.0,0
PAL9900,99017,2000-01-25 00:00:00,221.0,221.0,418,0.0,0,0.0,0
PAL9900,99018,2000-01-25 00:00:00,151.0,231.0,237,0.0,0,0.0,0
PAL9900,99019,2000-01-25 00:00:00,114.0,174.0,196,0.0,0,0.0,0
PAL9900,99020,2000-01-25 00:00:00,160.0,305.0,297,0.0,0,0.0,0
PAL9900,99021,2000-01-29 00:00:00,133.0,218.0,275,0.0,0,0.0,0
PAL9900,99022,2000-01-29 00:00:00,161.0,161.0,308,0.0,0,0.0,0
PAL9900,99023,2000-01-29 00:00:00,261.0,381.0,447,0.0,0,0.0,0
PAL9900,99024,2000-01-29 00:00:00,180.0,229.0,286,0.0,0,1.0,1
PAL9900,99025,2000-01-29 00:00:00,349.0,349.0,578,0.0,0,0.0,0
PAL9900,99026,2000-02-04 00:00:00,90.0,89.0,116,0.0,0,1.0,1
PAL9900,99027,2000-02-04 00:00:00,168.0,503.0,337,0.0,0,0.0,0
PAL9900,99028,2000-02-04 00:00:00,214.0,213.0,281,0.0,0,1.0,1
PAL9900,99029,2000-02-04 00:00:00,235.0,235.0,504,0.0,0,0.0,0
PAL9900,99030,2000-02-04 00:00:00,195.0,193.0,265,0.0,0,2.0,1
PAL9900,99031,2000-02-07 00:00:00,175.0,265.0,298,1.0,8,4.0,1
PAL9900,99032,2000-02-07 00:00:00,198.0,198.0,351,0.0,0,0.0,0
PAL9900,99033,2000-02-07 00:00:00,272.0,449.0,459,0.0,0,3.0,1
PAL9900,99034,2000-02-07 00:00:00,273.0,438.0,471,0.0,0,0.0,0
PAL9900,99035,2000-02-07 00:00:00,206.0,231.0,385,0.0,0,0.0,0
PAL9900,99036,2000-02-11 00:00:00,248.0,448.0,423,0.0,0,0.0,0
PAL9900,99037,2000-02-11 00:00:00,230.0,395.0,433,0.0,0,0.0,0
PAL9900,99038,2000-02-11 00:00:00,243.0,323.0,432,0.0,0,0.0,0
PAL9900,99039,2000-02-11 00:00:00,280.0,455.0,437,0.0,0,0.0,0
PAL9900,99040,2000-02-11 00:00:00,257.0,417.0,449,0.0,0,0.0,0
PAL0001,1,2000-12-27 00:00:00,134.0,329.0,380,0.0,0,0.0,0
PAL0001,2,2000-12-27 00:00:00,92.0,112.0,143,0.0,0,0.0,0
PAL0001,3,2000-12-27 00:00:00,246.0,326.0,451,0.0,0,0.0,0
PAL0001,4,2000-12-27 00:00:00,77.0,76.0,96,0.0,0,0.0,0
PAL0001,5,2000-12-27 00:00:00,256.0,361.0,617,0.0,0,0.0,0
PAL0001,6,2001-01-09 00:00:00,261.0,446.0,603,0.0,0,0.0,0
PAL0001,7,2001-01-09 00:00:00,198.0,346.0,367,0.0,0,2.0,1
PAL0001,8,2001-01-09 00:00:00,186.0,411.0,408,0.0,0,0.0,0
PAL0001,9,2001-01-09 00:00:00,283.0,473.0,509,0.0,0,0.0,0
PAL0001,10,2001-01-09 00:00:00,280.0,530.0,516,0.0,0,5.0,1
PAL0001,11,2001-01-12 00:00:00,258.0,120.0,112,138.0,3820,0.0,0
PAL0001,12,2001-01-12 00:00:00,48.0,48.0,48,0.0,0,0.0,0
PAL0001,13,2001-01-12 00:00:00,263.0,254.0,309,0.0,0,9.0,1
PAL0001,14,2001-01-12 00:00:00,179.0,229.0,439,0.0,0,0.0,0
PAL0001,15,2001-01-12 00:00:00,239.0,236.0,236,0.0,0,1.0,1
PAL0001,16,2001-01-18 00:00:00,302.0,517.0,275,0.0,0,0.0,0
PAL0001,17,2001-01-18 00:00:00,170.0,345.0,114,0.0,0,0.0,0
PAL0001,18,2001-01-18 00:00:00,166.0,425.0,211,0.0,0,1.0,1
PAL0001,19,2001-01-18 00:00:00,148.0,148.0,214,0.0,0,0.0,0
PAL0001,20,2001-01-18 00:00:00,256.0,256.0,409,0.0,0,0.0,0
PAL0001,21,2001-01-24 00:00:00,180.0,205.0,381,0.0,0,0.0,0
PAL0001,22,2001-01-24 00:00:00,216.0,275.0,251,0.0,0,1.0,1
PAL0001,23,2001-01-24 00:00:00,204.0,176.0,219,88.0,1232,3.0,1
PAL0001,24,2001-01-24 00:00:00,188.0,283.0,214,0.0,0,0.0,0
PAL0001,25,2001-01-24 00:00:00,141.0,140.0,167,0.0,0,1.0,1
PAL0001,26,2001-01-30 00:00:00,316.0,621.0,781,0.0,0,0.0,0
PAL0001,27,2001-01-30 00:00:00,267.0,104.0,101,313.0,2504,5.0,1
PAL0001,28,2001-01-30 00:00:00,516.0,706.0,548,0.0,0,0.0,0
PAL0001,29,2001-01-30 00:00:00,193.0,8.0,11,348.0,2784,1.0,1
PAL0001,30,2001-01-30 00:00:00,298.0,508.0,334,0.0,0,0.0,0
PAL0001,31,2001-02-03 00:00:00,100.0,94.0,98,1.0,6,3.0,1
PAL0001,32,2001-02-03 00:00:00,226.0,200.0,417,24.0,208,1.0,1
PAL0001,33,2001-02-03 00:00:00,154.0,146.0,140,120.0,790,4.0,1
PAL0001,34,2001-02-03 00:00:00,75.0,380.0,94,1.0,8,3.0,1
PAL0001,35,2001-02-03 00:00:00,198.0,392.0,892,0.0,0,1.0,1
PAL0001,36,2001-02-10 00:00:00,326.0,636.0,926,0.0,0,5.0,1
PAL0001,37,2001-02-10 00:00:00,223.0,542.0,326,0.0,0,1.0,1
PAL0001,38,2001-02-10 00:00:00,176.0,315.0,223,0.0,0,0.0,0
PAL0001,39,2001-02-10 00:00:00,241.0,238.0,740,0.0,0,3.0,1
PAL0001,40,2001-02-10 00:00:00,146.0,846.0,135,0.0,0,0.0,0
PAL0001,41,2001-02-15 00:00:00,275.0,425.0,403,0.0,0,0.0,0
PAL0001,42,2001-02-15 00:00:00,314.0,618.0,356,0.0,0,1.0,1
PAL0001,43,2001-02-15 00:00:00,173.0,334.0,194,0.0,0,4.0,1
PAL0001,44,2001-02-15 00:00:00,240.0,288.0,351,0.0,0,1.0,1
PAL0001,45,2001-02-15 00:00:00,302.0,352.0,384,0.0,0,0.0,0
PAL0102,1001,2001-12-05 00:00:00,37.0,47.0,112,0.0,0,0.0,0
PAL0102,1002,2001-12-05 00:00:00,74.0,85.0,288,0.0,0,0.0,0
PAL0102,1003,2001-12-05 00:00:00,0.0,0.0,0,0.0,0,0.0,0
PAL0102,1004,2001-12-05 00:00:00,33.0,33.0,64,0.0,0,0.0,0
PAL0102,1005,2001-12-28 00:00:00,262.0,296.0,636,0.0,0,6.0,0
PAL0102,1006,2001-12-28 00:00:00,151.0,146.0,211,0.0,0,5.0,0
PAL0102,1007,2001-12-28 00:00:00,115.0,185.0,228,0.0,0,10.0,0
PAL0102,1008,2001-12-28 00:00:00,30.0,17.0,34,0.0,0,5.0,0
PAL0102,1009,2001-12-28 00:00:00,126.0,137.0,216,0.0,0,1.0,0
PAL0102,1010,2002-01-07 00:00:00,0.0,0.0,0,0.0,0,0.0,0
PAL0102,1011,2002-01-07 00:00:00,368.0,368.0,1147,0.0,0,0.0,0
PAL0102,1012,2002-01-07 00:00:00,241.0,295.0,874,0.0,0,0.0,0
PAL0102,1013,2002-01-07 00:00:00,167.0,223.0,485,0.0,0,12.0,0
PAL0102,1014,2002-01-07 00:00:00,170.0,330.0,680,0.0,0,0.0,0
PAL0102,1015,2002-01-15 00:00:00,226.0,225.0,1374,0.0,0,1.0,0
PAL0102,1016,2002-01-15 00:00:00,197.0,442.0,847,0.0,0,0.0,0
PAL0102,1017,2002-01-15 00:00:00,115.0,225.0,164,0.0,0,0.0,0
PAL0102,1018,2002-01-15 00:00:00,365.0,363.0,747,0.0,0,2.0,0
PAL0102,1019,2002-01-15 00:00:00,323.0,372.0,1002,0.0,0,1.0,0
PAL0102,1020,2002-01-21 00:00:00,85.0,356.0,117,0.0,0,4.0,0
PAL0102,1021,2002-01-21 00:00:00,84.0,71.0,101,3.0,18,10.0,0
PAL0102,1022,2002-01-21 00:00:00,156.0,471.0,187,0.0,0,25.0,0
PAL0102,1023,2002-01-21 00:00:00,237.0,807.0,487,0.0,0,50.0,0
PAL0102,1024,2002-01-21 00:00:00,116.0,191.0,253,0.0,0,0.0,0
PAL0102,1025,2002-01-31 00:00:00,173.0,320.0,435,0.0,0,23.0,0
PAL0102,1026,2002-01-31 00:00:00,213.0,102.0,150,0.0,0,110.0,0
PAL0102,1027,2002-01-31 00:00:00,256.0,383.0,434,0.0,0,108.0,0
PAL0102,1028,2002-01-31 00:00:00,112.0,45.0,45,2.0,12,65.0,0
PAL0102,1029,2002-01-31 00:00:00,265.0,248.0,260,8.0,48,125.0,0
PAL0102,1030,2002-02-09 00:00:00,153.0,17.0,7,0.0,0,136.0,0
PAL0102,1031,2002-02-09 00:00:00,495.0,325.0,438,0.0,0,158.0,0
PAL0102,1032,2002-02-09 00:00:00,216.0,293.0,126,0.0,0,59.0,0
PAL0102,1033,2002-02-09 00:00:00,261.0,526.0,891,0.0,0,5.0,0
PAL0102,1034,2002-02-09 00:00:00,485.0,357.0,1014,0.0,0,238.0,0
PAL0102,1035,2002-02-22 00:00:00,120.0,96.0,309,3.0,18,20.0,0
PAL0102,1036,2002-02-22 00:00:00,0.0,40.0,0,0.0,0,10.0,0
PAL0102,1037,2002-02-22 00:00:00,245.0,240.0,620,0.0,0,5.0,0
PAL0203,2001,2002-12-10 00:00:00,105.0,190.0,427,0.0,0,0.0,0
PAL0203,2002,2002-12-10 00:00:00,194.0,303.0,679,0.0,0,1.0,1
PAL0203,2003,2002-12-10 00:00:00,58.0,128.0,286,0.0,0,0.0,0
PAL0203,2004,2002-12-10 00:00:00,146.0,220.0,646,0.0,0,0.0,0
PAL0203,2005,2002-12-10 00:00:00,72.0,99.0,293,0.0,0,0.0,0
PAL0203,2006,2002-12-22 00:00:00,74.0,73.0,236,0.0,0,0.0,0
PAL0203,2007,2002-12-22 00:00:00,0.0,0.0,0,0.0,0,0.0,0
PAL0203,2008,2002-12-22 00:00:00,34.0,34.0,151,0.0,0,0.0,0
PAL0203,2009,2002-12-22 00:00:00,53.0,63.0,166,0.0,0,0.0,0
PAL0203,2010,2002-12-22 00:00:00,195.0,275.0,912,0.0,0,0.0,0
PAL0203,2011,2002-12-29 00:00:00,159.0,249.0,512,0.0,0,0.0,0
PAL0203,2012,2002-12-29 00:00:00,154.0,154.0,698,0.0,0,0.0,0
PAL0203,2013,2002-12-29 00:00:00,22.0,147.0,130,0.0,0,0.0,0
PAL0203,2014,2002-12-29 00:00:00,140.0,155.0,675,0.0,0,0.0,0
PAL0203,2015,2002-12-29 00:00:00,151.0,216.0,628,0.0,0,0.0,0
PAL0203,2016,2003-01-05 00:00:00,149.0,174.0,496,0.0,0,0.0,0
PAL0203,2017,2003-01-05 00:00:00,337.0,542.0,1380,0.0,0,0.0,0
PAL0203,2018,2003-01-05 00:00:00,165.0,273.0,375,1.0,1,0.0,0
PAL0203,2019,2003-01-05 00:00:00,236.0,236.0,1390,0.0,0,0.0,0
PAL0203,2020,2003-01-05 00:00:00,182.0,292.0,987,0.0,0,0.0,0
PAL0203,2021,2003-01-15 00:00:00,191.0,306.0,947,0.0,0,0.0,0
PAL0203,2022,2003-01-15 00:00:00,177.0,176.0,551,0.0,0,0.0,0
PAL0203,2023,2003-01-15 00:00:00,195.0,320.0,827,0.0,0,0.0,0
PAL0203,2024,2003-01-15 00:00:00,368.0,548.0,910,0.0,0,0.0,0
PAL0203,2025,2003-01-27 00:00:00,104.0,103.0,385,0.0,0,0.0,0
PAL0203,2026,2003-01-27 00:00:00,215.0,300.0,820,0.0,0,0.0,0
PAL0203,2027,2003-01-27 00:00:00,83.0,173.0,367,0.0,0,0.0,0
PAL0203,2028,2003-01-27 00:00:00,214.0,522.0,890,0.0,0,2.0,1
PAL0203,2029,2003-01-27 00:00:00,80.0,186.0,319,0.0,0,0.0,0
PAL0203,2030,2003-02-10 00:00:00,352.0,352.0,1108,0.0,0,0.0,0
PAL0203,2031,2003-02-10 00:00:00,179.0,264.0,506,0.0,0,0.0,0
PAL0203,2032,2003-02-10 00:00:00,202.0,302.0,502,0.0,0,0.0,0
PAL0203,2033,2003-02-10 00:00:00,60.0,60.0,124,0.0,0,0.0,0
PAL0304,3001,2004-01-15 00:00:00,248.0,458.0,826,0.0,0,0.0,0
PAL0304,3002,2004-01-15 00:00:00,147.0,242.0,462,0.0,0,0.0,0
PAL0304,3003,2004-01-15 00:00:00,180.0,180.0,530,0.0,0,0.0,0
PAL0304,3004,2004-01-15 00:00:00,82.0,252.0,272,0.0,0,0.0,0
PAL0304,3005,2004-01-15 00:00:00,219.0,354.0,1186,0.0,0,0.0,0
PAL0304,3006,2004-01-25 00:00:00,312.0,342.0,1005,0.0,0,0.0,0
PAL0304,3007,2004-01-25 00:00:00,89.0,89.0,247,0.0,0,0.0,0
PAL0304,3008,2004-01-25 00:00:00,78.0,78.0,275,0.0,0,0.0,0
PAL0304,3009,2004-01-25 00:00:00,153.0,298.0,430,0.0,0,0.0,0
PAL0304,3010,2004-01-25 00:00:00,138.0,198.0,762,0.0,0,0.0,0
PAL0304,3011,2004-02-05 00:00:00,221.0,311.0,593,0.0,0,0.0,0
PAL0304,3012,2004-02-05 00:00:00,101.0,247.0,273,2.0,0,2.0,5
PAL0304,3013,2004-02-05 00:00:00,160.0,441.0,275,0.0,0,0.0,0
PAL0304,3014,2004-02-05 00:00:00,262.0,337.0,661,0.0,0,0.0,0
PAL0304,3015,2004-02-05 00:00:00,79.0,149.0,159,10.0,0,20.0,1
PAL0405,4001,2005-01-12 00:00:00,299.0,299.0,526,0.0,0,0.0,0
PAL0405,4002,2005-01-12 00:00:00,217.0,426.0,484,0.0,0,0.0,0
PAL0405,4003,2005-01-12 00:00:00,205.0,445.0,459,0.0,0,0.0,0
PAL0405,4004,2005-01-12 00:00:00,179.0,274.0,381,0.0,0,0.0,0
PAL0405,4005,2005-01-12 00:00:00,249.0,354.0,488,0.0,0,0.0,0
PAL0405,4006,2005-01-21 00:00:00,193.0,421.0,404,0.0,0,0.0,0
PAL0405,4007,2005-01-21 00:00:00,231.0,392.0,441,0.0,0,25.0,4
PAL0405,4008,2005-01-21 00:00:00,198.0,198.0,381,0.0,0,0.0,0
PAL0405,4009,2005-01-21 00:00:00,148.0,378.0,317,0.0,0,0.0,0
PAL0405,4010,2005-01-21 00:00:00,161.0,161.0,316,0.0,0,1.0,0
PAL0405,4011,2005-02-01 00:00:00,255.0,252.0,564,0.0,0,3.0,0
PAL0405,4012,2005-02-01 00:00:00,157.0,222.0,353,0.0,0,0.0,0
PAL0405,4013,2005-02-01 00:00:00,268.0,663.0,549,0.0,0,0.0,0
PAL0405,4014,2005-02-01 00:00:00,163.0,53.0,106,107.0,0,0.0,0
PAL0405,4015,2005-02-01 00:00:00,146.0,315.0,219,0.0,0,0.0,0
PAL0506,5001,2005-12-27 00:00:00,0.0,0.0,0,0.0,0,0.0,0
PAL0506,5002,2005-12-27 00:00:00,143.0,20.0,25,123.0,0,0.0,0
PAL0506,5003,2005-12-27 00:00:00,291.0,148.0,228,143.0,0,0.0,0
PAL0506,5004,2005-12-27 00:00:00,249.0,171.0,264,74.0,0,0.0,0
PAL0506,5005,2005-12-27 00:00:00,150.0,149.0,234,0.0,0,0.0,0
PAL0506,5006,2005-12-27 00:00:00,177.0,172.0,247,0.0,0,3.0,0
PAL0506,5007,2006-01-11 00:00:00,228.0,228.0,341,0.0,0,0.0,0
PAL0506,5008,2006-01-11 00:00:00,196.0,196.0,247,0.0,0,0.0,0
PAL0506,5009,2006-01-11 00:00:00,216.0,7.0,6,208.0,0,0.0,0
PAL0506,5010,2006-01-11 00:00:00,129.0,129.0,195,0.0,0,0.0,0
PAL0506,5011,2006-01-11 00:00:00,172.0,170.0,328,0.0,0,2.0,0
PAL0506,5012,2006-01-25 00:00:00,160.0,0.0,0,160.0,0,0.0,0
PAL0506,5013,2006-01-25 00:00:00,300.0,0.0,0,300.0,0,1.0,0
PAL0506,5014,2006-01-30 00:00:00,115.0,104.0,104,0.0,0,10.0,0
PAL0506,5015,2006-01-30 00:00:00,135.0,126.0,159,8.0,0,9.0,0
PAL0607,6001,2007-01-06 00:00:00,132.7,132.7,454,0.0,0,0.0,0
PAL0607,6002,2007-01-06 00:00:00,134.1,134.1,500,0.0,0,0.0,0
PAL0607,6003,2007-01-06 00:00:00,219.2,219.2,1218,0.0,0,0.0,0
PAL0607,6004,2007-01-06 00:00:00,225.7,225.7,1918,0.0,0,0.0,0
PAL0607,6005,2007-01-06 00:00:00,69.1,69.1,104,0.0,0,0.0,0
PAL0607,6006,2007-01-13 00:00:00,179.0,179.0,585,0.0,0,0.0,0
PAL0607,6007,2007-01-13 00:00:00,188.0,188.0,686,0.0,0,0.0,0
PAL0607,6008,2007-01-13 00:00:00,205.6,205.6,554,0.0,0,0.0,0
PAL0607,6009,2007-01-13 00:00:00,188.8,188.8,458,0.0,0,0.0,0
PAL0607,6010,2007-01-13 00:00:00,219.2,218.2,736,0.0,0,0.0,0
PAL0607,6011,2007-01-19 00:00:00,199.5,199.5,326,0.0,0,0.0,0
PAL0607,6012,2007-01-19 00:00:00,163.2,163.2,394,0.0,0,0.0,0
PAL0607,6013,2007-01-19 00:00:00,147.3,147.3,424,0.0,0,0.0,0
PAL0607,6014,2007-01-19 00:00:00,296.5,296.5,1009,0.0,0,0.0,0
PAL0607,6015,2007-01-19 00:00:00,107.6,106.6,322,0.0,0,0.0,0
PAL0607,6016,2007-01-26 00:00:00,279.3,279.3,965,0.0,0,0.0,0
PAL0607,6017,2007-01-26 00:00:00,276.1,276.1,365,0.0,0,0.0,0
PAL0607,6018,2007-01-26 00:00:00,96.2,96.2,107,0.0,0,0.0,0
PAL0607,6019,2007-01-26 00:00:00,258.69,257.49,494,0.0,0,0.0,0
PAL0607,6020,2007-01-26 00:00:00,237.84,237.84,748,0.0,0,0.0,0
PAL0607,6021,2007-02-02 00:00:00,301.8,301.8,1215,0.0,0,0.0,0
PAL0607,6022,2007-02-02 00:00:00,362.52,362.52,736,0.0,0,0.0,0
PAL0607,6023,2007-02-02 00:00:00,184.14,184.1,398,0.0,0,0.0,0
PAL0607,6024,2007-02-02 00:00:00,197.4,197.4,317,0.0,0,0.0,0
PAL0607,6025,2007-02-02 00:00:00,239.1,239.1,539,0.0,0,0.0,0
PAL0708,7001,2008-01-04 00:00:00,225.8,215.8,729,0.0,0,0.0,0
PAL0708,7002,2008-01-04 00:00:00,132.4,132.4,257,0.0,0,0.0,0
PAL0708,7003,2008-01-04 00:00:00,228.82,152.82,438,0.0,0,1.0,1
PAL0708,7004,2008-01-04 00:00:00,137.0,137.0,383,0.0,0,0.0,0
PAL0708,7005,2008-01-04 00:00:00,185.9,185.9,491,0.0,0,0.0,0
PAL0708,7006,2008-01-11 00:00:00,244.93,226.93,911,0.0,0,1.0,1
PAL0708,7007,2008-01-11 00:00:00,252.07,251.07,969,0.0,0,1.0,1
PAL0708,7008,2008-01-11 00:00:00,192.9,192.9,780,0.0,0,0.0,0
PAL0708,7009,2008-01-11 00:00:00,331.72,276.72,859,0.0,0,0.0,0
PAL0708,7010,2008-01-11 00:00:00,159.2,159.2,555,0.0,0,0.0,0
PAL0708,7011,2008-01-18 00:00:00,202.5,202.5,904,0.0,0,0.0,0
PAL0708,7012,2008-01-18 00:00:00,167.52,167.5,344,0.0,0,0.0,0
PAL0708,7013,2008-01-18 00:00:00,377.91,376.91,1461,0.0,0,1.0,1
PAL0708,7014,2008-01-18 00:00:00,398.16,193.16,748,0.0,0,0.0,0
PAL0708,7015,2008-01-18 00:00:00,153.46,117.49,302,0.0,0,1.0,1
PAL0708,7016,2008-01-27 00:00:00,213.9,213.9,902,0.0,0,0.0,0
PAL0708,7017,2008-01-27 00:00:00,181.55,181.55,499,0.0,0,0.0,0
PAL0708,7018,2008-01-27 00:00:00,218.71,218.7,650,0.0,0,0.0,0
PAL0708,7019,2008-01-27 00:00:00,348.2,227.2,563,0.0,0,1.0,1
PAL0708,7020,2008-01-27 00:00:00,140.9,139.9,369,0.0,0,1.0,1
PAL0708,7021,2008-02-02 00:00:00,430.66,224.7,877,0.0,0,1.0,1
PAL0708,7022,2008-02-02 00:00:00,214.6,153.6,549,0.0,0,1.0,1
PAL0708,7023,2008-02-02 00:00:00,153.25,153.3,529,0.0,0,0.0,0
PAL0708,7024,2008-02-02 00:00:00,182.5,96.5,214,0.0,0,1.0,1
PAL0708,7025,2008-02-02 00:00:00,308.9,253.9,887,0.0,0,0.0,0
PAL0809,8001,2009-01-07 00:00:00,180.37,180.37,747,0.0,0,0.0,0
PAL0809,8002,2009-01-07 00:00:00,182.66,161.66,408,0.0,0,1.0,1
PAL0809,8003,2009-01-19 00:00:00,318.63,318.6,693,0.0,0,0.0,0
PAL0809,8004,2009-01-19 00:00:00,3.72,3.72,16,0.0,0,0.0,0
PAL0809,8005,2009-01-19 00:00:00,145.52,145.5,215,0.0,0,0.0,0
PAL0809,8006,2009-01-19 00:00:00,232.5,232.5,483,0.0,0,0.0,0
PAL0809,8007,2009-01-19 00:00:00,264.02,263.02,980,0.0,0,1.0,1
PAL0809,8008,2009-01-26 00:00:00,75.37,75.37,173,0.0,0,0.0,0
PAL0809,8009,2009-01-26 00:00:00,150.08,150.08,374,0.0,0,0.0,0
PAL0809,8010,2009-01-26 00:00:00,24.8,24.8,84,0.0,0,0.0,0
PAL0809,8011,2009-01-26 00:00:00,78.9,78.9,213,0.0,0,0.0,0
PAL0809,8012,2009-01-26 00:00:00,137.27,137.27,335,0.0,0,0.0,0
PAL0809,8013,2009-02-02 00:00:00,174.26,174.26,457,0.0,0,0.0,0
PAL0809,8014,2009-02-02 00:00:00,224.8,224.8,346,0.0,0,0.0,0
PAL0809,8015,2009-02-02 00:00:00,86.84,86.84,166,0.0,0,0.0,0
PAL0809,8016,2009-02-02 00:00:00,79.64,79.64,125,0.0,0,0.0,0
PAL0809,8017,2009-02-02 00:00:00,99.6,98.6,215,0.0,0,1.0,1
PAL0910,9001,2010-01-03 00:00:00,87.0,86.0,212,0.0,0,1.0,0
PAL0910,9002,2010-01-03 00:00:00,100.0,130.0,205,0.0,0,0.0,0
PAL0910,9003,2010-01-03 00:00:00,70.0,69.0,115,0.0,0,1.0,0
PAL0910,9004,2010-01-12 00:00:00,103.0,183.0,329,0.0,0,0.0,0
PAL0910,9005,2010-01-12 00:00:00,91.0,91.0,169,0.0,0,0.0,0
PAL0910,9006,2010-01-12 00:00:00,224.0,247.0,468,2.0,10,0.0,0
PAL0910,9007,2010-01-12 00:00:00,156.0,204.0,308,0.0,0,0.0,0
PAL0910,9008,2010-01-12 00:00:00,116.0,141.0,407,0.0,0,1.0,0
PAL0910,9009,2010-01-19 00:00:00,258.0,282.0,458,0.0,0,1.0,0
PAL0910,9010,2010-01-19 00:00:00,253.0,342.0,397,0.0,0,1.0,0
PAL0910,9011,2010-01-19 00:00:00,91.0,152.0,159,0.0,0,4.0,0
PAL0910,9012,2010-01-19 00:00:00,318.0,342.0,477,0.0,0,1.0,0
PAL0910,9013,2010-01-19 00:00:00,331.0,475.0,548,0.0,0,1.0,0
PAL0910,9014,2010-01-26 00:00:00,209.0,209.0,351,0.0,0,0.0,0
PAL0910,9015,2010-01-26 00:00:00,216.0,253.0,362,0.0,0,1.0,0
PAL0910,9016,2010-01-26 00:00:00,162.0,208.0,272,18.0,90,1.0,0
PAL0910,9017,2010-01-26 00:00:00,77.0,147.0,186,0.0,0,0.0,0
PAL0910,9018,2010-01-26 00:00:00,202.0,201.0,388,0.0,0,1.0,0
PAL0910,9019,2010-02-04 00:00:00,205.0,304.0,641,1.0,<5,1.0,0
PAL0910,9020,2010-02-04 00:00:00,348.0,348.0,697,0.0,0,0.0,0
PAL0910,9021,2010-02-04 00:00:00,267.0,386.0,592,0.0,0,1.0,0
PAL0910,9022,2010-02-04 00:00:00,246.0,371.0,470,0.0,0,0.0,0
PAL0910,9023,2010-02-04 00:00:00,104.0,103.0,195,0.0,0,1.0,0
PAL1011,10001,2011-01-01 00:00:00,324.0,162.0,507,162.0,2464,0.0,0
PAL1011,10002,2011-01-01 00:00:00,422.0,7.0,8,174.0,1392,1.0,1
PAL1011,10003,2011-01-01 00:00:00,311.0,8.1,14,302.0,2416,0.0,0
PAL1011,10004,2011-01-01 00:00:00,259.0,30.0,54,229.0,1832,0.0,0
PAL1011,10005,2011-01-01 00:00:00,241.0,240.0,248,0.0,0,1.0,1
PAL1011,10006,2011-01-07 00:00:00,193.0,11.0,12,183.0,1464,0.0,0
PAL1011,10007,2011-01-07 00:00:00,205.0,203.0,148,0.0,0,1.0,1
PAL1011,10008,2011-01-07 00:00:00,304.0,8.0,12,295.0,2360,1.0,1
PAL1011,10009,2011-01-07 00:00:00,326.0,325.0,1005,0.0,0,0.0,0
PAL1011,10010,2011-01-07 00:00:00,151.0,148.0,467,1.0,8,1.0,1
PAL1011,10011,2011-01-15 00:00:00,282.0,282.0,2209,0.0,0,0.0,0
PAL1011,10012,2011-01-15 00:00:00,119.0,119.0,534,0.0,0,0.0,0
PAL1011,10013,2011-01-15 00:00:00,272.0,215.0,263,57.0,456,0.0,0
PAL1011,10014,2011-01-15 00:00:00,214.0,213.0,596,0.0,0,1.0,1
PAL1011,10015,2011-01-15 00:00:00,194.0,194.0,360,0.0,0,0.0,0
PAL1011,10016,2011-01-21 00:00:00,200.7,43.6,108,157.1,1256.8,0.0,0
PAL1011,10017,2011-01-21 00:00:00,324.0,82.0,97,241.0,1928,1.0,0
PAL1011,10018,2011-01-21 00:00:00,197.0,177.0,778,20.0,160,0.0,0
PAL1011,10019,2011-01-21 00:00:00,212.0,26.7,170,175.3,1402.4,0.0,0
PAL1011,10020,2011-01-21 00:00:00,192.0,192.0,397,0.0,0,0.0,0
PAL1011,10021,2011-01-27 00:00:00,264.0,264.0,323,0.0,0,0.0,0
PAL1011,10022,2011-01-27 00:00:00,89.0,33.0,43,54.0,432,1.0,1
PAL1011,10023,2011-01-27 00:00:00,105.0,104.0,145,0.0,0,0.0,0
PAL1011,10024,2011-01-27 00:00:00,397.0,395.0,849,0.0,0,1.0,1
PAL1011,10025,2011-01-27 00:00:00,237.0,127.0,142,108.0,864,1.0,1
PAL1112,11001,2012-01-08 00:00:00,107.0,107.0,309,0.0,0,0.0,0
PAL1112,11002,2012-01-08 00:00:00,125.0,157.0,222,0.0,0,0.0,0
PAL1112,11003,2012-01-08 00:00:00,104.0,103.0,307,0.0,0,1.0,1
PAL1112,11004,2012-01-08 00:00:00,129.0,128.0,299,0.0,0,1.0,1
PAL1112,11005,2012-01-08 00:00:00,84.0,84.0,147,0.0,0,0.0,0
PAL1112,11006,2012-01-19 00:00:00,96.0,96.0,246,0.0,0,0.0,0
PAL1112,11007,2012-01-19 00:00:00,110.0,110.0,277,0.0,0,0.0,0
PAL1112,11008,2012-01-19 00:00:00,140.0,141.0,409,0.0,0,0.0,0
PAL1112,11009,2012-01-19 00:00:00,63.0,63.0,165,0.0,0,0.0,0
PAL1112,11010,2012-01-19 00:00:00,61.0,60.0,610,0.0,0,1.0,1
PAL1112,11011,2012-01-26 00:00:00,216.0,215.0,462,0.0,0,1.0,1
PAL1112,11012,2012-01-26 00:00:00,121.0,120.0,1659,0.0,0,0.0,0
PAL1112,11013,2012-01-26 00:00:00,135.0,133.0,489,0.0,0,1.0,1
PAL1112,11014,2012-01-26 00:00:00,132.0,132.0,373,0.0,0,0.0,0
PAL1112,11015,2012-01-26 00:00:00,107.0,106.0,405,0.0,0,1.0,1
PAL1213,12001,2013-01-03 00:00:00,199.0,199.0,1089,0.0,0,0.0,0
PAL1213,12002,2013-01-03 00:00:00,188.0,188.0,1102,0.0,0,0.0,0
PAL1213,12003,2013-01-03 00:00:00,177.8,177.8,1266,0.0,0,0.0,0
PAL1213,12004,2013-01-03 00:00:00,212.0,187.0,1206,0.0,0,0.0,0
PAL1213,12005,2013-01-03 00:00:00,30.0,30.0,30,0.0,0,1.0,1
PAL1213,12006,2013-01-09 00:00:00,177.0,175.0,993,0.0,0,1.0,1
PAL1213,12007,2013-01-09 00:00:00,93.0,93.0,584,0.0,0,0.0,0
PAL1213,12008,2013-01-09 00:00:00,144.0,144.0,642,0.0,0,0.0,0
PAL1213,12009,2013-01-09 00:00:00,217.0,217.0,1206,0.0,0,0.0,0
PAL1213,12010,2013-01-09 00:00:00,257.0,257.0,843,0.0,0,0.0,0
PAL1213,12011,2013-01-16 00:00:00,178.0,178.0,858,0.0,0,0.0,0
PAL1213,12012,2013-01-16 00:00:00,182.0,182.0,987,0.0,0,0.0,0
PAL1213,12013,2013-01-16 00:00:00,240.0,239.0,1221,0.0,0,1.0,1
PAL1213,12014,2013-01-16 00:00:00,158.0,158.0,909,0.0,0,0.0,0
PAL1213,12015,2013-01-16 00:00:00,138.0,137.0,732,0.0,0,1.0,1
PAL1213,12016,2013-01-23 00:00:00,109.3,109.3,510,0.0,0,0.0,0
PAL1213,12017,2013-01-23 00:00:00,109.6,109.6,418,0.0,0,0.0,0
PAL1213,12018,2013-01-23 00:00:00,363.0,363.0,1866,0.0,0,0.0,0
PAL1213,12019,2013-01-23 00:00:00,363.5,362.5,1147,0.0,0,1.0,1
PAL1213,12020,2013-01-23 00:00:00,328.7,328.7,1713,0.0,0,0.0,0
PAL1213,12021,2013-01-28 00:00:00,220.0,220.0,1057,0.0,0,0.0,0
PAL1213,12022,2013-01-28 00:00:00,279.2,278.2,1372,0.0,0,1.0,1
PAL1213,12023,2013-01-28 00:00:00,232.7,232.7,1157,0.0,0,0.0,0
PAL1213,12024,2013-01-28 00:00:00,291.0,291.0,1344,0.0,0,0.0,0
PAL1213,12025,2013-01-28 00:00:00,328.0,327.0,1399,0.0,0,0.0,0
PAL1314,13001,1/6/2014,0.0,0.0,0,0.0,0,0.0,0
PAL1314,13002,1/6/2014,0.0,0.0,0,0.0,0,0.0,0
PAL1314,13003,1/6/2014,0.0,0.0,0,0.0,0,0.0,0
PAL1314,13004,2014-01-06 00:00:00,65.96,64.96,49,0.0,0,1.0,1
PAL1314,13005,2014-01-16 00:00:00,170.22,169.22,275.6,0.0,0,1.0,1
PAL1314,13006,2014-01-16 00:00:00,148.0,148.0,556,0.0,0,0.0,0
PAL1314,13007,2014-01-16 00:00:00,32.87,31.8,47,0.0,0,1.0,1
PAL1314,13008,2014-01-16 00:00:00,107.25,106.25,187,0.0,0,1.0,1
PAL1314,13009,2014-01-16 00:00:00,86.0,86.0,??,0.0,0,0.0,0
PAL1314,13010,2014-01-22 00:00:00,26.06,25.06,51.6,0.0,0,1.0,1
PAL1314,13011,2014-01-22 00:00:00,244.81,244.81,447.5,0.0,0,0.0,0
PAL1314,13012,2014-01-22 00:00:00,86.47,85.47,150,0.0,0,1.0,0
PAL1314,13013,2014-01-22 00:00:00,154.9,153.9,437,0.0,0,1.0,1
PAL1314,13014,2014-01-22 00:00:00,203.0,201.0,444,0.0,0,2.0,0
PAL1314,13015,2014-01-27 00:00:00,109.0,109.0,164.4,0.0,0,0.0,0
PAL1314,13016,2014-01-27 00:00:00,69.36,69.36,172.48,0.0,0,0.0,0
PAL1314,13017,2014-01-27 00:00:00,120.4,120.4,589,0.0,0,0.0,0
PAL1314,13018,2014-01-27 00:00:00,184.0,184.0,521,0.0,0,0.0,0
PAL1314,13020,2014-01-27 00:00:00,151.84,151.84,279,0.0,0,0.0,0
PAL1314,13021,2014-02-01 00:00:00,168.73,168.73,608,0.0,0,0.0,0
PAL1314,13022,2014-02-01 00:00:00,197.0,197.0,362,0.0,0,0.0,0
PAL1314,12023,2014-02-01 00:00:00,219.11,218.0,339,0.0,0,1.0,1
PAL1314,13024,2014-02-01 00:00:00,116.2,116.2,343,0.0,0,0.0,0
PAL1314,13025,2014-02-01 00:00:00,156.6,156.6,465,0.0,0,0.0,0
PAL1415,14001,2015-01-03 00:00:00,229.8,274.8,426,0.0,0,0.0,0
PAL1415,14002,2015-01-03 00:00:00,99.4,99.4,277,0.0,0,0.0,0
PAL1415,14003,2015-01-03 00:00:00,129.0,289.0,805,0.0,0,0.0,0
PAL1415,14004,2015-01-03 00:00:00,207.0,207.0,451,0.0,0,0.0,0
PAL1415,14005,2015-01-03 00:00:00,199.7,199.7,373,0.0,0,0.0,0
PAL1415,14006,2015-01-11 00:00:00,23.9,23.9,67,0.0,0,0.0,0
PAL1415,14007,2015-01-11 00:00:00,128.5,203.5,581,0.0,0,0.0,0
PAL1415,14008,2015-01-11 00:00:00,106.0,166.0,377,0.0,0,1.0,1
PAL1415,14009,2015-01-11 00:00:00,169.75,169.75,326,0.0,0,0.0,0
PAL1415,14010,2015-01-11 00:00:00,97.76,97.8,195,0.0,0,0.0,0
PAL1415,14011,2015-01-18 00:00:00,327.3,397.3,796,0.0,0,0.0,0
PAL1415,14012,2015-01-18 00:00:00,236.5,236.5,415,0.0,0,0.0,0
PAL1415,14013,2015-01-18 00:00:00,145.47,240.5,387,0.0,0,0.0,0
PAL1415,14014,2015-01-18 00:00:00,263.1,378.1,707,0.0,0,0.0,0
PAL1415,14015,2015-01-18 00:00:00,185.5,245.5,444,0.0,0,0.0,0
PAL1415,14016,2015-01-26 00:00:00,194.6,194.6,388,0.0,0,0.0,0
PAL1415,14017,2015-01-26 00:00:00,470.7,469.35,856,0.0,0,1.0,0
PAL1415,14018,2015-01-26 00:00:00,179.22,179.22,298,0.0,0,0.0,0
PAL1415,14019,2015-01-26 00:00:00,286.46,93.06,155,193.4,4255,0.0,0
PAL1415,14020,2015-01-26 00:00:00,293.0,337.0,716,0.0,0,6.0,0
PAL1415,14021,2015-02-03 00:00:00,376.6,376.6,511,0.0,0,0.0,0
PAL1415,14022,2015-02-03 00:00:00,155.6,142.4,213,12.2,440,1.0,0
PAL1415,14023,2015-02-03 00:00:00,264.5,264.5,397,0.0,0,0.0,0
PAL1415,14024,2015-02-03 00:00:00,57.6,56.6,83,0.0,0,1.0,0
PAL1415,14025,2015-02-03 00:00:00,65.7,64.7,119,0.0,0,1.0,0
PAL1415,14026,2015-02-09 00:00:00,422.7,422.7,732,0.0,0,0.0,0
PAL1415,14027,2015-02-09 00:00:00,180.2,180.2,258,0.0,0,0.0,0
PAL1516,15001,2016-01-06 00:00:00,129.7,128.7,167,0.0,0,1.0,1
PAL1516,15002,2016-01-06 00:00:00,69.34,69.34,88,0.0,0,0.0,0
PAL1516,15003,2016-01-06 00:00:00,97.2,97.2,153,0.0,0,0.0,0
PAL1516,15004,2016-01-06 00:00:00,59.09,58.09,94,0.0,0,1.0,1
PAL1516,15005,2016-01-06 00:00:00,32.5,32.5,,0.0,0,0.0,0
PAL1516,15006,2016-01-12 00:00:00,59.38,59.38,97,0.0,0,0.0,0
PAL1516,15007,2016-01-12 00:00:00,147.2,145.2,183,0.0,0,2.0,1
PAL1516,15008,2016-01-12 00:00:00,113.37,113.37,159,0.0,0,0.0,0
PAL1516,15009,2016-01-12 00:00:00,314.2,313.2,535,0.0,0,1.0,1
PAL1516,15010,2016-01-12 00:00:00,130.85,129.85,216,0.0,0,1.0,1
PAL1516,15011,2016-01-18 00:00:00,194.25,193.25,297,0.0,0,1.0,1
PAL1516,15012,2016-01-18 00:00:00,153.98,152.98,239,0.0,0,1.0,1
PAL1516,15013,2016-01-18 00:00:00,115.82,112.02,162,0.0,0,3.8,1
PAL1516,15014,2016-01-18 00:00:00,182.29,181.29,381,0.0,0,1.0,1
PAL1516,15015,2016-01-18 00:00:00,310.5,309.5,549,0.0,0,1.0,1
PAL1516,15016,2016-01-25 00:00:00,204.34,201.69,573,1.0,8,1.65,1
PAL1516,15017,2016-01-25 00:00:00,140.2,139.2,220,0.0,0,1.0,1
PAL1516,15018,2016-01-25 00:00:00,138.82,137.82,208,0.0,0,1.0,1
PAL1516,15019,2016-01-25 00:00:00,145.11,52.77,65,91.34,2421,0.0,0
PAL1516,15020,2016-01-25 00:00:00,174.38,167.56,206,4.82,155,1.0,1
PAL1617,16001,2017-01-05 00:00:00,69.76,68.76,146,0.0,0,1.0,1
PAL1617,16002,2017-01-05 00:00:00,202.9,202.9,340,0.0,0,0.0,0
PAL1617,16003,2017-01-05 00:00:00,113.86,113.86,232,0.0,0,0.0,0
PAL1617,16004,2017-01-05 00:00:00,167.0,166.0,815,0.0,0,1.0,1
PAL1617,16005,2017-01-05 00:00:00,309.6,308.6,571,0.0,0,1.0,1
PAL1617,16006,2017-01-10 00:00:00,227.12,227.12,343,0.0,0,0.0,0
PAL1617,16007,2017-01-10 00:00:00,178.26,178.26,424,0.0,0,0.0,0
PAL1617,16008,2017-01-10 00:00:00,177.0,177.0,290,0.0,0,0.0,0
PAL1617,16009,2017-01-10 00:00:00,137.2,136.2,192,0.0,0,1.0,1
PAL1617,16010,2017-01-10 00:00:00,90.0,89.0,169,0.0,0,1.0,1
PAL1617,16011,2017-01-15 00:00:00,211.95,211.95,421,0.0,0,0.0,0
PAL1617,16012,2017-01-15 00:00:00,252.05,162.4,280,88.65,709,0.0,0
PAL1617,16013,2017-01-15 00:00:00,185.43,46.72,95,138.71,1110,0.0,0
PAL1617,16014,2017-01-15 00:00:00,56.27,56.27,67,0.0,0,0.0,0
PAL1617,16015,2017-01-15 00:00:00,174.85,166.65,288,0.0,0,7.2,1
PAL1617,16016,2017-01-22 00:00:00,166.58,165.58,232,0.0,0,1.0,1
PAL1617,16017,2017-01-22 00:00:00,158.78,158.78,253,0.0,0,0.0,0
PAL1617,16018,2017-01-22 00:00:00,89.0,82.0,137,0.0,0,7.0,1
PAL1617,16019,2017-01-22 00:00:00,128.88,128.88,190,0.0,0,0.0,0
PAL1617,16020,2017-01-22 00:00:00,49.86,11.59,77,0.0,0,0.0,0
PAL1718,17001,2018-01-03 00:00:00,205.9,204.9,439,0.0,0,0.0,0
PAL1718,17002,2018-01-03 00:00:00,166.3,166.3,462,0.0,0,0.0,0
PAL1718,17003,2018-01-03 00:00:00,239.9,239.9,429,0.0,0,0.0,0
PAL1718,17004,2018-01-03 00:00:00,149.5,149.5,563,0.0,0,0.0,0
PAL1718,17005,2018-01-03 00:00:00,188.6,187.6,517,0.0,0,1.0,1
PAL1718,17006,2018-01-08 00:00:00,154.36,154.36,436,0.0,0,0.0,0
PAL1718,17007,2018-01-08 00:00:00,365.32,365.32,659,0.0,0,0.0,0
PAL1718,17008,2018-01-08 00:00:00,114.16,114.16,311,0.0,0,0.0,0
PAL1718,17009,2018-01-08 00:00:00,156.4,156.4,728,0.0,0,0.0,0
PAL1718,17010,2018-01-08 00:00:00,115.1,115.1,519,0.0,0,0.0,0
PAL1718,17011,2018-01-15 00:00:00,463.93,463.93,1122,0.0,0,0.0,0
PAL1718,17012,2018-01-15 00:00:00,143.5,143.5,387,0.0,0,0.0,0
PAL1718,17013,2018-01-15 00:00:00,129.7,129.7,631,0.0,0,0.0,0
PAL1718,17014,2018-01-15 00:00:00,228.7,228.2,755,0.0,0,0.0,0
PAL1718,17015,2018-01-15 00:00:00,213.54,213.54,535,0.0,0,0.0,0
PAL1718,17016,2018-01-23 00:00:00,169.3,169.3,409,0.0,0,0.0,0
PAL1718,17017,2018-01-23 00:00:00,227.62,226.62,471,0.0,0,1.0,1
PAL1718,17018,2018-01-23 00:00:00,189.06,189.06,553,0.0,0,0.0,0
PAL1718,17019,2018-01-23 00:00:00,251.6,251.6,881,0.0,0,0.0,0
PAL1718,17020,2018-01-23 00:00:00,168.93,167.93,450,0.0,0,1.0,1
PAL1718,17021,2018-01-29 00:00:00,104.33,104.33,497,0.0,0,0.0,0
PAL1718,17022,2018-01-29 00:00:00,110.97,110.97,282,0.0,0,0.0,0
PAL1718,17023,2018-01-29 00:00:00,72.3,70.2,245,0.0,0,2.1,1
PAL1718,17024,2018-01-29 00:00:00,296.5,295.5,881,0.0,0,0.5,1
PAL1718,17025,2018-01-29 00:00:00,187.2,186.2,556,0.0,0,1.0,1
PAL1819,18002,2019-01-03 00:00:00,147.0,146.0,495,0.0,0,1.0,1
PAL1819,18003,2019-01-03 00:00:00,209.0,207.0,729,0.0,0,1.0,1
PAL1819,18004,2019-01-03 00:00:00,100.0,100.0,359,0.0,0,0.0,0
PAL1819,18005,2019-01-03 00:00:00,184.15,182.15,729,0.0,0,1.0,1
PAL1819,18006,2019-01-11 00:00:00,78.0,78.0,299,0.0,0,0.0,0
PAL1819,18007,2019-01-11 00:00:00,130.0,130.0,304,0.0,0,0.0,0
PAL1819,18008,2019-01-11 00:00:00,119.27,118.13,348,0.0,0,1.14,2
PAL1819,18009,2019-01-11 00:00:00,111.59,110.59,341,0.0,0,1.0,1
PAL1819,18010,2019-01-11 00:00:00,162.0,162.0,456,0.0,0,0.0,0
PAL1819,18011,2019-01-23 00:00:00,156.0,155.0,310,0.0,0,1.0,1
PAL1819,18012,2019-01-23 00:00:00,153.37,153.37,323,0.0,0,0.0,0
PAL1819,18013,2019-01-23 00:00:00,178.0,178.0,332,0.0,0,0.0,0
PAL1819,18014,2019-01-23 00:00:00,214.5,214.5,416,0.0,0,0.0,0
PAL1819,18015,2019-01-23 00:00:00,65.6,65.6,143,0.0,0,0.0,0
PAL1819,18016,2019-01-30 00:00:00,114.58,113.58,212,0.0,0,1.0,0
PAL1819,18017,2019-01-30 00:00:00,45.0,45.0,91,0.0,0,0.0,0
PAL1819,18018,2019-01-30 00:00:00,56.72,55.72,112,0.0,0,1.0,10
PAL1819,18019,2019-01-30 00:00:00,88.0,87.0,168,0.0,0,1.0,1
PAL1819,18020,2019-01-30 00:00:00,30.0,29.0,68,0.0,0,1.0,2
PAL1819,18021,2019-02-03 00:00:00,145.0,144.0,260,0.0,0,1.0,1
PAL1819,18022,2019-02-03 00:00:00,72.7,70.7,104,1.0,5,1.0,1
PAL1819,18023,2019-02-03 00:00:00,158.15,158.15,256,0.0,0,0.0,0
PAL1819,18024,2019-02-03 00:00:00,186.0,184.0,318,0.0,0,2.0,1
PAL1819,18025,2019-02-03 00:00:00,137.0,137.0,225,0.0,0,0.0,0
PAL1920,19001,2019-12-30 00:00:00,128.5,128.5,454,0.0,0,0.0,0
PAL1920,19002,2019-12-30 00:00:00,48.9,48.9,168,0.0,0,0.0,0
PAL1920,19003,2019-12-30 00:00:00,112.77,112.77,533,0.0,0,0.0,0
PAL1920,19004,2019-12-31 00:00:00,152.46,151.46,432,0.0,0,1.0,1
PAL1920,19005,2019-12-31 00:00:00,159.9,159.9,641,0.0,0,0.0,0
PAL1920,19006,2020-01-07 00:00:00,243.8,242.8,725,0.0,0,1.0,1
PAL1920,19007,2020-01-07 00:00:00,190.3,190.3,645,0.0,0,0.0,0
PAL1920,19008,2020-01-07 00:00:00,103.25,103.25,347,0.0,0,0.0,0
PAL1920,19009,2020-01-07 00:00:00,129.0,129.0,417,0.0,0,0.0,0
PAL1920,19010,2020-01-07 00:00:00,97.0,96.0,287,0.0,0,0.0,0
PAL1920,19011,2020-01-14 00:00:00,120.3,119.3,362,0.0,0,1.0,1
PAL1920,19012,2020-01-14 00:00:00,120.2,119.2,436,0.0,0,1.0,1
PAL1920,19013,2020-01-14 00:00:00,185.23,184.23,639,0.0,0,1.0,1
PAL1920,19014,2020-01-14 00:00:00,57.0,57.0,134,0.0,0,0.0,0
PAL1920,19015,2020-01-14 00:00:00,107.0,107.0,227,0.0,0,0.0,0
PAL1920,19016,2020-01-20 00:00:00,248.6,248.6,1095,0.0,0,0.0,0
PAL1920,19017,2020-01-20 00:00:00,76.82,76.82,289,0.0,0,0.0,0
PAL1920,19018,2020-01-20 00:00:00,138.74,137.74,380,0.0,0,1.0,1
PAL1920,19019,2020-01-20 00:00:00,60.12,59.12,148,0.0,0,0.0,0
PAL1920,19020,2020-01-20 00:00:00,94.6,94.6,584,0.0,0,0.0,0
PAL1920,19021,2020-01-28 00:00:00,98.32,98.32,229,0.0,0,0.0,0
PAL1920,19022,2020-01-28 00:00:00,133.16,133.16,315,0.0,0,0.0,0
PAL1920,19023,2020-01-28 00:00:00,129.05,129.05,273,0.0,0,0.0,0
PAL1920,19024,2020-01-28 00:00:00,232.14,230.14,475,0.0,0,1.0,1
PAL1920,19025,2020-01-28 00:00:00,108.0,108.0,196,0.0,0,0.0,0
