studyName,Date,Island,Colony,Nests in Sample,Nests with One Chick,Nests with Two Chicks,Nests with Eggs
PAL2425,2025-01-16,CHR,7.0,15,6,9,1
PAL2425,2025-01-08,COR,2.0,5,1,4,1
PAL2425,2025-01-08,COR,3.0,0,0,0,0
PAL2425,2025-01-08,COR,5.1,0,0,0,0
PAL2425,2025-01-08,HUM,1.0,0,0,0,0
PAL2425,2025-01-08,HUM,2.0,50,18,32,0
PAL2425,2025-01-08,HUM,2.2,6,2,4,0
PAL2425,2025-01-08,HUM,3.0,14,6,8,1
PAL2425,2025-01-12,TOR,16.0,50,17,33,0
PAL2425,2025-01-12,TOR,14.0,50,15,35,0
PAL2425,2025-01-12,TOR,14.1,11,5,6,1
PAL2425,2025-01-12,TOR,19.0,1,1,0,0
PAL2425,2025-01-12,TOR,11.0,7,3,4,1
PAL2425,2025-01-12,TOR,7.3,34,12,22,3
PAL2425,2025-01-12,TOR,8.0,22,12,10,1
