studyName,Date,Island,Location,Band Number,Weight
PAL2526,2026-01-27,HUM,BCH,,2200
PAL2526,2026-01-27,HUM,BCH,,3150
PAL2526,2026-01-27,HUM,BCH,,3050
PAL2526,2026-01-29,HUM,BCH,,3750
PAL2526,2026-01-29,HUM,BCH,,3450
PAL2526,2026-01-29,HUM,BCH,,3000
PAL2526,2026-01-31,HUM,BCH,,3100
PAL2526,2026-01-31,HUM,BCH,,3400
PAL2526,2026-01-31,HUM,BCH,,3100
PAL2526,2026-01-31,HUM,BCH,,2900
PAL2526,2026-01-31,HUM,BCH,,2900
PAL2526,2026-01-31,HUM,BCH,,2750
PAL2526,2026-01-31,HUM,BCH,,3400
PAL2526,2026-01-31,HUM,BCH,,3000
PAL2526,2026-01-31,HUM,BCH,,3150
PAL2526,2026-01-31,HUM,BCH,,3650
PAL2526,2026-01-31,HUM,BCH,,2950
PAL2526,2026-01-31,HUM,BCH,,3300
PAL2526,2026-01-31,HUM,BCH,,2900
PAL2526,2026-02-02,HUM,BCH,,3550
PAL2526,2026-02-02,HUM,BCH,,3450
PAL2526,2026-02-02,HUM,BCH,,3300
PAL2526,2026-02-02,HUM,BCH,,3400
PAL2526,2026-02-02,HUM,BCH,,3700
PAL2526,2026-02-02,HUM,BCH,,3050
PAL2526,2026-02-02,HUM,BCH,,3400
PAL2526,2026-02-02,HUM,BCH,,4000
PAL2526,2026-02-02,HUM,BCH,,3300
PAL2526,2026-02-02,HUM,BCH,,3000
PAL2526,2026-02-02,HUM,BCH,,3100
PAL2526,2026-02-02,HUM,BCH,,2700
PAL2526,2026-02-02,HUM,BCH,,3050
PAL2526,2026-02-02,HUM,BCH,,3100
PAL2526,2026-02-02,HUM,BCH,,3150
PAL2526,2026-02-04,HUM,BCH,,3300
PAL2526,2026-02-04,HUM,BCH,,3500
PAL2526,2026-02-04,HUM,BCH,,2900
PAL2526,2026-02-04,HUM,BCH,,2950
PAL2526,2026-02-04,HUM,BCH,,3300
PAL2526,2026-02-04,HUM,BCH,,3050
PAL2526,2026-02-04,HUM,BCH,,3200
PAL2526,2026-02-04,HUM,BCH,,3400
PAL2526,2026-02-04,HUM,BCH,,4000
PAL2526,2026-02-04,HUM,BCH,,3250
PAL2526,2026-02-04,HUM,BCH,,3200
PAL2526,2026-02-04,HUM,BCH,,3200
PAL2526,2026-02-04,HUM,BCH,,3300
PAL2526,2026-02-04,HUM,BCH,,2800
PAL2526,2026-02-04,HUM,BCH,,2850
PAL2526,2026-02-04,HUM,BCH,,3450
PAL2526,2026-02-04,HUM,BCH,,2750
PAL2526,2026-02-04,HUM,BCH,,2800
PAL2526,2026-02-04,HUM,BCH,,2950
PAL2526,2026-02-04,HUM,BCH,,3500
PAL2526,2026-02-04,HUM,BCH,,3400
PAL2526,2026-02-04,HUM,BCH,,3350
PAL2526,2026-02-04,HUM,BCH,,3400
PAL2526,2026-02-04,HUM,BCH,,3150
PAL2526,2026-02-04,HUM,BCH,,2800
PAL2526,2026-02-04,HUM,BCH,,3250
PAL2526,2026-02-04,HUM,BCH,,2900
PAL2526,2026-02-04,HUM,BCH,,3550
PAL2526,2026-02-06,HUM,BCH,,2900
PAL2526,2026-02-06,HUM,BCH,,2800
PAL2526,2026-02-06,HUM,BCH,,2900
PAL2526,2026-02-06,HUM,BCH,,2800
PAL2526,2026-02-06,HUM,BCH,,3400
PAL2526,2026-02-06,HUM,BCH,,3050
PAL2526,2026-02-06,HUM,BCH,,2900
PAL2526,2026-02-06,HUM,BCH,,3550
PAL2526,2026-02-06,HUM,BCH,,3400
PAL2526,2026-02-06,HUM,BCH,,3200
PAL2526,2026-02-06,HUM,BCH,,2950
PAL2526,2026-02-06,HUM,BCH,,3600
PAL2526,2026-02-06,HUM,BCH,,2850
PAL2526,2026-02-06,HUM,BCH,,3500
PAL2526,2026-02-06,HUM,BCH,,3600
PAL2526,2026-02-06,HUM,BCH,,3450
PAL2526,2026-02-06,HUM,BCH,,3150
PAL2526,2026-02-06,HUM,BCH,,3250
PAL2526,2026-02-08,HUM,BCH,,3450
PAL2526,2026-02-08,HUM,BCH,,2800
PAL2526,2026-02-08,HUM,BCH,,3600
PAL2526,2026-02-08,HUM,BCH,,3050
PAL2526,2026-02-08,HUM,BCH,,2950
PAL2526,2026-02-08,HUM,BCH,,3050
PAL2526,2026-02-08,HUM,BCH,,3000
PAL2526,2026-02-08,HUM,BCH,,2750
PAL2526,2026-02-08,HUM,BCH,,2900
PAL2526,2026-02-08,HUM,BCH,,3200
PAL2526,2026-02-08,HUM,BCH,,3200
PAL2526,2026-02-08,HUM,BCH,,2600
PAL2526,2026-02-08,HUM,BCH,,3400
PAL2526,2026-02-08,HUM,BCH,,3500
PAL2526,2026-02-08,HUM,BCH,,3150
PAL2526,2026-02-08,HUM,BCH,,3150
PAL2526,2026-02-08,HUM,BCH,,2800
PAL2526,2026-02-08,HUM,BCH,,2900
PAL2526,2026-02-08,HUM,BCH,,3050
PAL2526,2026-02-08,HUM,BCH,,3450
PAL2526,2026-02-08,HUM,BCH,,2850
PAL2526,2026-02-08,HUM,BCH,,2600
PAL2526,2026-02-08,HUM,BCH,,3600
PAL2526,2026-02-08,HUM,BCH,,2900
PAL2526,2026-02-10,HUM,BCH,,2850
PAL2526,2026-02-10,HUM,BCH,,3200
PAL2526,2026-02-10,HUM,BCH,,2750
PAL2526,2026-02-10,HUM,BCH,,2350
PAL2526,2026-02-10,HUM,BCH,,2200
PAL2526,2026-02-10,HUM,BCH,,2700
PAL2526,2026-02-10,HUM,BCH,,3400
PAL2526,2026-02-10,HUM,BCH,,2800
PAL2526,2026-02-10,HUM,BCH,,3150
PAL2526,2026-02-10,HUM,BCH,,3200
PAL2526,2026-02-10,HUM,BCH,,3100
PAL2526,2026-02-10,HUM,BCH,,2500
PAL2526,2026-02-10,HUM,BCH,,2500
PAL2526,2026-02-10,HUM,BCH,,3500
PAL2526,2026-02-10,HUM,BCH,,2700
PAL2526,2026-02-10,HUM,BCH,,3200
PAL2526,2026-02-10,HUM,BCH,,2850
PAL2526,2026-02-10,HUM,BCH,,3000
PAL2526,2026-02-10,HUM,BCH,,3100
PAL2526,2026-02-12,HUM,BCH,,3600
PAL2526,2026-02-12,HUM,BCH,,2150
