studyName,Island,Sample Number,Date,Sample Weight,E. superba Weight,Number of E. superba,T. macrura Weight,Number of T. macrura,Fish Weight,Number of Fish,Number of Otoliths
PAL2425,HUM,AD_D_HUM24001,2025-01-17,90.0,90.0,213,0,0,0,0,0
PAL2425,HUM,AD_D_HUM24002,2025-01-17,78.6,78.6,207,0,0,0,0,0
PAL2425,HUM,AD_D_HUM24003,2025-01-17,179.95,179.95,338,0,0,0,0,0
PAL2425,HUM,AD_D_HUM24004,2025-01-17,87.81,87.81,170,0,0,0,0,0
PAL2425,HUM,AD_D_HUM24005,2025-01-17,95.5,95.5,160,0,0,0,0,0
PAL2425,HUM,AD_D_HUM24006,2025-01-17,63.65,62.65,200,0,0,1,0,39
PAL2425,HUM,AD_D_HUM24007,2025-01-25,124.65,123.65,442,0,0,1,0,2
PAL2425,HUM,AD_D_HUM24008,2025-01-25,169.35,169.35,572,0,0,0,0,0
PAL2425,HUM,AD_D_HUM24009,2025-01-25,104.36,103.36,262,0,0,1,0,2
PAL2425,HUM,AD_D_HUM24010,2025-01-25,56.95,56.95,194,0,0,0,0,0
