studyName,Island,Colony,Site Number,Nest Number,Egg 1 Lay Date,Egg 2 Lay Date,Egg 1 Loss Date,Egg 2 Loss Date,Chick 1 Hatch Date,Chick 2 Hatch Date,Chick 1 Loss Date,Chick 2 Loss Date,Chick 1 Creche Date,Chick 2 Creche Date,Notes
PAL2526,HUM,2,1,1,41,45,,,77,78,,96,116,,
PAL2526,HUM,2,1,2,38,41,,999,74,,,,116,,
PAL2526,HUM,2,1,3,34,37,,,69,71,,,113,113,
PAL2526,HUM,2,1,4,40,43,,,75,77,100,101,,,
PAL2526,HUM,2,1,5,40,43,,,76,77,,,114,114,
PAL2526,HUM,2,2,1,40,43,,,75,77,77,,,119,
PAL2526,HUM,2,2,2,36,39,,,73,74,,,105,105,
PAL2526,HUM,2,2,3,33,36,,,70,70,,75,106,,
PAL2526,HUM,2,2,4,39,,,,75,,,,119,,
PAL2526,HUM,2,2,5,35,38,,42,71,,,,117,,
PAL2526,HUM,2,3,1,,,,,,,,,,,
PAL2526,HUM,2,3,2,39,42,,,75,76,,77,116,,
PAL2526,HUM,2,3,3,38,41,,,75,75,,,113,113,
PAL2526,HUM,2,3,4,40,43,,,75,77,,,112,113,
PAL2526,HUM,2,3,5,37,,999,,,,,,,,
PAL2526,HUM,2,4,1,43,46,,,77,79,,,107,107,
PAL2526,HUM,2,4,2,46,49,,,81,81,,,116,117,
PAL2526,HUM,2,4,3,45,48,,,79,81,,,110,117,
PAL2526,HUM,2,4,4,33,36,,999,68,,,,111,,
PAL2526,HUM,2,4,5,38,41,,999,74,,106,,,,
PAL2526,HUM,2,5,1,35,38,,,72,72,,,106,106,
PAL2526,HUM,2,5,2,40,43,,,78,78,,,114,114,
PAL2526,HUM,2,5,3,41,44,,999,77,,,,114,,
PAL2526,HUM,2,5,4,41,44,,999,78,,,,114,,
PAL2526,HUM,2,5,5,37,40,,,72,74,,,109,114,
PAL2526,HUM,2,6,1,,,,,,,,,,,
PAL2526,HUM,2,6,2,40,43,,59,76,,,,114,,
PAL2526,HUM,2,6,3,39,42,,,74,75,,,114,117,
PAL2526,HUM,2,6,4,39,41,,,76,79,,81,116,,
PAL2526,HUM,2,6,5,35,38,,,71,73,,,104,106,
PAL2526,TOR,14,1,1,43,46,,,78,79,,,114,114,
PAL2526,TOR,14,1,2,40,43,999,,,78,,,,116,
PAL2526,TOR,14,1,3,36,40,,,74,74,,,112,112,
PAL2526,TOR,14,1,4,37,40,,,73,74,,,114,114,
PAL2526,TOR,14,1,5,41,44,,,76,77,,,112,112,
PAL2526,TOR,14,2,1,40,43,,,75,76,,,113,113,
PAL2526,TOR,14,2,2,38,41,,,72,73,,,109,109,
PAL2526,TOR,14,2,3,42,45,,,78,78,,,114,114,
PAL2526,TOR,14,2,4,43,46,,,78,79,,,107,107,
PAL2526,TOR,14,2,5,38,41,,,74,74,,,107,107,
PAL2526,TOR,14,3,1,42,45,74,69,,,,,,,
PAL2526,TOR,14,3,2,37,40,,,75,76,,,110,110,
PAL2526,TOR,14,3,3,36,39,,,73,73,,,111,111,
PAL2526,TOR,14,3,4,40,44,,,77,77,,,113,113,
PAL2526,TOR,14,3,5,47,41,999,999,,,,,,,
PAL2526,TOR,14,4,1,38,41,,,74,75,,,106,106,
PAL2526,TOR,14,4,2,43,46,,,77,79,,,114,114,
PAL2526,TOR,14,4,3,42,45,,,76,78,,,107,107,
PAL2526,TOR,14,4,4,42,45,,,77,77,,,108,108,
PAL2526,TOR,14,4,5,35,38,,,72,73,,,106,106,
PAL2526,TOR,14,5,1,40,43,,,77,77,,,112,112,
PAL2526,TOR,14,5,2,34,37,,999,73,,,,105,,
PAL2526,TOR,14,5,3,37,41,,,74,75,,,106,106,
PAL2526,TOR,14,5,4,45,48,999,,,82,,,,111,
PAL2526,TOR,14,5,5,48,51,,999,83,,,,117,,
PAL2526,TOR,14,6,1,,,,,,,,,,,
PAL2526,TOR,14,6,2,41,44,,,78,79,,,110,110,
PAL2526,TOR,14,6,3,37,39,,,72,73,,,112,112,
PAL2526,TOR,14,6,4,38,41,,,75,75,,,110,110,
PAL2526,TOR,14,6,5,45,48,,,81,81,,,112,112,
