dataset,column,expected_dtype,nullable,notes
Adelie_Census,studyName,str,False,
Adelie_Census,Date,str,False,
Adelie_Census,Island,str,False,
Adelie_Census,Colony,float64,False,
Adelie_Census,Breeding Pairs,int64,False,
Adelie_Chick_Broods,studyName,str,False,
Adelie_Chick_Broods,Date,str,False,
Adelie_Chick_Broods,Island,str,False,
Adelie_Chick_Broods,Colony,float64,False,
Adelie_Chick_Broods,Nests in Sample,int64,False,
Adelie_Chick_Broods,Nests with One Chick,int64,False,
Adelie_Chick_Broods,Nests with Two Chicks,int64,False,
Adelie_Chick_Broods,Nests with Eggs,Int64,True,
Adelie_Chick_Production,studyName,str,False,
Adelie_Chick_Production,Date,str,False,
Adelie_Chick_Production,Time GMT,Int64,True,mostly_null
Adelie_Chick_Production,Island,str,False,
Adelie_Chick_Production,Colony,float64,False,
Adelie_Chick_Production,Adults,Int64,True,
Adelie_Chick_Production,Chicks,Int64,True,
Adelie_Diet,studyName,str,False,
Adelie_Diet,Sample Number,int64,False,
Adelie_Diet,Date,str,False,
Adelie_Diet,Sample Weight,float64,False,
Adelie_Diet,E. superba Weight,float64,False,
Adelie_Diet,Number of E. superba,str,True,
Adelie_Diet,T. macrura Weight,float64,False,
Adelie_Diet,Number of T. macrura,str,False,
Adelie_Diet,Fish Weight,float64,False,
Adelie_Diet,Number of Fish,int64,False,
Adelie_Diet_Fish,studyName,str,False,
Adelie_Diet_Fish,Sample Number,str,False,
Adelie_Diet_Fish,Date,str,False,
Adelie_Diet_Fish,Source,str,False,
Adelie_Diet_Fish,Prey Type,str,False,
Adelie_Diet_Fish,Species,str,False,
Adelie_Diet_Fish,Evidence,str,False,
Adelie_Diet_Fish,Number of Fish,str,True,
Adelie_Diet_Fish,Evidence Size,float64,True,
Adelie_Diet_Fish,Evidence Weight,float64,False,
Adelie_Diet_Fish,Estimated Fish Length,int64,True,
Adelie_Diet_Fish,Estimated Fish Weight,int64,True,
Adelie_Diet_Fish,Notes,str,True,mostly_null
Adelie_Diet_Krill,studyName,str,False,
Adelie_Diet_Krill,Sample Number,int64,False,
Adelie_Diet_Krill,Sample Collection Date,str,False,
Adelie_Diet_Krill,Total Number,int64,False,
Adelie_Diet_Krill,16-20,int64,False,
Adelie_Diet_Krill,21-25,int64,False,
Adelie_Diet_Krill,26-30,int64,False,
Adelie_Diet_Krill,31-35,int64,False,
Adelie_Diet_Krill,36-40,int64,False,
Adelie_Diet_Krill,41-45,int64,False,
Adelie_Diet_Krill,46-50,int64,False,
Adelie_Diet_Krill,51-55,int64,False,
Adelie_Diet_Krill,56-60,int64,False,
Adelie_Diet_Krill,61-65,int64,False,
Adelie_Diet_Metadata,studyName,str,False,
Adelie_Diet_Metadata,Date,str,False,
Adelie_Diet_Metadata,Island,str,False,
Adelie_Diet_Metadata,Location,str,True,
Adelie_Diet_Metadata,Time,str,False,
Adelie_Diet_Metadata,Sample Number,int64,False,
Adelie_Diet_Metadata,Bird Weight,str,True,
Adelie_Diet_Metadata,Sex,str,False,
Adelie_Diet_Metadata,Culmen Length,float64,True,
Adelie_Diet_Metadata,Culmen Depth,float64,True,
Adelie_Diet_Other,studyName,str,False,
Adelie_Diet_Other,Sample Number,int64,False,
Adelie_Diet_Other,Date,str,False,
Adelie_Diet_Other,Source,str,False,
Adelie_Diet_Other,Prey Type,str,False,
Adelie_Diet_Other,Species,str,False,
Adelie_Diet_Other,Evidence,str,False,
Adelie_Diet_Other,Prey Number,int64,False,
Adelie_Diet_Other,Evidence Size,float64,True,
Adelie_Diet_Other,Evidence Weight,float64,False,
Adelie_Diet_Other,Estimated Prey Length,int64,False,
Adelie_Diet_Other,Estimated Prey Weight,int64,False,
Adelie_Fledgling_Weights,studyName,str,False,
Adelie_Fledgling_Weights,Date,str,False,
Adelie_Fledgling_Weights,Island,str,False,
Adelie_Fledgling_Weights,Location,str,True,
Adelie_Fledgling_Weights,Band Number,Int64,True,
Adelie_Fledgling_Weights,Weight,Int64,True,
Adelie_Humble_Population_Arrival,studyName,str,False,
Adelie_Humble_Population_Arrival,Date,str,False,
Adelie_Humble_Population_Arrival,Island,str,False,
Adelie_Humble_Population_Arrival,Colony,float64,False,
Adelie_Humble_Population_Arrival,Adults,Int64,True,
Adelie_Reproductive_Success,studyName,str,False,
Adelie_Reproductive_Success,Island,str,False,
Adelie_Reproductive_Success,Colony,float64,False,
Adelie_Reproductive_Success,Site Number,str,False,
Adelie_Reproductive_Success,Nest Number,int64,False,
Adelie_Reproductive_Success,Egg 1 Lay Date,Int64,True,
Adelie_Reproductive_Success,Egg 2 Lay Date,Int64,True,
Adelie_Reproductive_Success,Egg 1 Loss Date,Int64,True,
Adelie_Reproductive_Success,Egg 2 Loss Date,Int64,True,
Adelie_Reproductive_Success,Chick 1 Hatch Date,Int64,True,
Adelie_Reproductive_Success,Chick 2 Hatch Date,Int64,True,
Adelie_Reproductive_Success,Chick 1 Loss Date,Int64,True,
Adelie_Reproductive_Success,Chick 2 Loss Date,Int64,True,
Adelie_Reproductive_Success,Chick 1 Creche Date,Int64,True,
Adelie_Reproductive_Success,Chick 2 Creche Date,Int64,True,
Adelie_Reproductive_Success,Notes,str,True,mostly_null

